file_id,section_text,section_type,parent_section_type,level,start,end,line_id,confidence,alias_source
1.txt,Tiền sử bệnh,PAST_HISTORY,,1,4,16,1,1.0,tiền sử bệnh
1.txt,Thuốc trước khi nhập viện,MEDICATION_HISTORY,PAST_HISTORY,2,21,46,2,1.0,thuốc trước khi nhập viện
1.txt,Các yếu tố nguy cơ liên quan,RISK_FACTORS,PAST_HISTORY,2,150,178,6,1.0,các yếu tố nguy cơ liên quan
1.txt,Tiền sử bệnh hiện tại,CURRENT_HISTORY,,1,409,430,12,1.0,tiền sử bệnh hiện tại
1.txt,Lý do nhập viện,ADMISSION_REASON,CURRENT_HISTORY,2,435,450,13,1.0,lý do nhập viện
1.txt,Thời điểm khởi phát triệu chứng,ADMISSION_REASON,CURRENT_HISTORY,2,517,548,14,1.0,thời điểm khởi phát triệu chứng
1.txt,Các triệu chứng hiện tại,CURRENT_SYMPTOMS,CURRENT_HISTORY,2,635,659,16,1.0,các triệu chứng hiện tại
1.txt,Đặc điểm triệu chứng khi khám tại khoa cấp cứu,SYMPTOM_DETAIL,CURRENT_HISTORY,2,1000,1046,24,1.0,đặc điểm triệu chứng khi khám tại khoa cấp cứu
1.txt,Các diễn biến  trước khi nhập viện,PRE_ADMISSION_EVENTS,CURRENT_HISTORY,2,1541,1575,32,1.0,các diễn biến trước khi nhập viện
1.txt,Được chỉ định điều trị,MEDICATION_ADMINISTERED,CURRENT_HISTORY,2,2175,2197,40,1.0,được chỉ định điều trị
1.txt,Tình trạng ngay trước khi nhập viện,IMMEDIATE_PRE_ADMISSION_STATUS,CURRENT_HISTORY,2,2351,2386,44,1.0,tình trạng ngay trước khi nhập viện
1.txt,Đánh giá tại bệnh viện,HOSPITAL_ASSESSMENT,,1,2427,2449,46,1.0,đánh giá tại bệnh viện
1.txt,Kết quả khám lâm sàng,DIAGNOSTIC_FINDINGS,HOSPITAL_ASSESSMENT,2,2454,2475,47,1.0,kết quả khám lâm sàng
1.txt,Kết quả xét nghiệm,LAB_RESULT_SECTION,HOSPITAL_ASSESSMENT,2,2598,2616,50,1.0,kết quả xét nghiệm
1.txt,Kết quả chẩn đoán hình ảnh,IMAGING_RESULT_SECTION,HOSPITAL_ASSESSMENT,2,2665,2691,51,1.0,kết quả chẩn đoán hình ảnh
1.txt,Các kết quả chẩn đoán khác,DIAGNOSTIC_FINDINGS,HOSPITAL_ASSESSMENT,2,2738,2764,52,1.0,các kết quả chẩn đoán khác
2.txt,Tiền sử bệnh nội khoa,PAST_HISTORY,,1,4,25,1,1.0,tiền sử bệnh nội khoa
2.txt,Các bệnh lý mãn tính,CHRONIC_DISEASES,PAST_HISTORY,2,30,50,2,1.0,các bệnh lý mãn tính
2.txt,Các yếu tố nguy cơ liên quan,RISK_FACTORS,PAST_HISTORY,2,80,108,3,1.0,các yếu tố nguy cơ liên quan
2.txt,Tiền sử bệnh hiện tại,CURRENT_HISTORY,,1,143,164,5,1.0,tiền sử bệnh hiện tại
2.txt,Triệu chứng hiện tại,CURRENT_SYMPTOMS,CURRENT_HISTORY,2,169,189,6,1.0,triệu chứng hiện tại
2.txt,Các sự kiện trước khi nhập viện,PRE_ADMISSION_EVENTS,CURRENT_HISTORY,2,213,244,7,1.0,các sự kiện trước khi nhập viện
2.txt,Đánh giá tại bệnh viện,HOSPITAL_ASSESSMENT,,1,500,522,13,1.0,đánh giá tại bệnh viện
2.txt,Các thủ thuật đã thực hiện,PROCEDURE_SECTION,HOSPITAL_ASSESSMENT,2,527,553,14,1.0,các thủ thuật đã thực hiện
3.txt,Tiền sử bệnh,PAST_HISTORY,,1,3,15,1,1.0,tiền sử bệnh
3.txt,Các bệnh lý nội khoa mạn tính,CHRONIC_DISEASES,PAST_HISTORY,2,185,214,5,1.0,các bệnh lý nội khoa mạn tính
3.txt,Thuốc trước khi nhập viện lần này,MEDICATION_HISTORY,PAST_HISTORY,2,293,326,9,1.0,thuốc trước khi nhập viện lần này
3.txt,Các yếu tố nguy cơ liên quan,RISK_FACTORS,PAST_HISTORY,2,363,391,10,1.0,các yếu tố nguy cơ liên quan
3.txt,Bệnh sử hiện tại,CURRENT_HISTORY,,1,418,434,12,1.0,bệnh sử hiện tại
3.txt,Lý do nhập viện,ADMISSION_REASON,CURRENT_HISTORY,2,435,450,13,1.0,lý do nhập viện
3.txt,Thời điểm khởi phát triệu chứng,ADMISSION_REASON,CURRENT_HISTORY,2,465,496,14,1.0,thời điểm khởi phát triệu chứng
3.txt,Các triệu chứng hiện tại,CURRENT_SYMPTOMS,CURRENT_HISTORY,2,506,530,15,1.0,các triệu chứng hiện tại
3.txt,Đặc điểm triệu chứng,SYMPTOM_DETAIL,CURRENT_HISTORY,2,993,1013,36,1.0,đặc điểm triệu chứng
3.txt,Các sự kiện trước khi nhập viện,PRE_ADMISSION_EVENTS,CURRENT_HISTORY,2,3002,3033,115,1.0,các sự kiện trước khi nhập viện
3.txt,Tình trạng ngay trước khi nhập viện,IMMEDIATE_PRE_ADMISSION_STATUS,CURRENT_HISTORY,2,3845,3880,126,1.0,tình trạng ngay trước khi nhập viện
3.txt,Đánh giá tại bệnh viện,HOSPITAL_ASSESSMENT,,1,3929,3951,128,1.0,đánh giá tại bệnh viện
3.txt,Kết quả xét nghiệm,LAB_RESULT_SECTION,HOSPITAL_ASSESSMENT,2,3952,3970,129,1.0,kết quả xét nghiệm
3.txt,Kết quả hình ảnh,IMAGING_RESULT_SECTION,HOSPITAL_ASSESSMENT,2,4341,4357,138,1.0,kết quả hình ảnh
4.txt,Tiền sử bệnh,PAST_HISTORY,,1,4,16,1,1.0,tiền sử bệnh
4.txt,Bệnh nhân có tiền sử dụng thuốc,MEDICATION_HISTORY,PAST_HISTORY,2,21,52,2,1.0,bệnh nhân có tiền sử dụng thuốc
4.txt,Tiền sử bệnh hiện tại,CURRENT_HISTORY,,1,137,158,6,1.0,tiền sử bệnh hiện tại
4.txt,Lý do nhập viện,ADMISSION_REASON,CURRENT_HISTORY,2,854,869,12,1.0,lý do nhập viện
4.txt,Thời điểm khởi phát triệu chứng,ADMISSION_REASON,CURRENT_HISTORY,2,902,933,13,1.0,thời điểm khởi phát triệu chứng
4.txt,Các triệu chứng hiện tại,CURRENT_SYMPTOMS,CURRENT_HISTORY,2,948,972,14,1.0,các triệu chứng hiện tại
4.txt,Đặc điểm triệu chứng,SYMPTOM_DETAIL,CURRENT_HISTORY,2,1103,1123,20,1.0,đặc điểm triệu chứng
4.txt,Các sự kiện trước khi nhập viện,PRE_ADMISSION_EVENTS,CURRENT_HISTORY,2,1420,1451,24,1.0,các sự kiện trước khi nhập viện
4.txt,Xét nghiệm,LAB_RESULT_SECTION,CURRENT_HISTORY,2,1672,1682,29,1.0,xét nghiệm
4.txt,Đánh giá tại bệnh viện,HOSPITAL_ASSESSMENT,,1,1789,1811,31,1.0,đánh giá tại bệnh viện
4.txt,Xét nghiệm,LAB_RESULT_SECTION,HOSPITAL_ASSESSMENT,2,1812,1822,32,1.0,xét nghiệm
4.txt,Chẩn đoán hình ảnh và thăm dò,IMAGING_RESULT_SECTION,HOSPITAL_ASSESSMENT,2,1871,1900,33,1.0,chẩn đoán hình ảnh và thăm dò
4.txt,Thủ thuật được thực hiện,PROCEDURE_SECTION,HOSPITAL_ASSESSMENT,2,2004,2028,35,1.0,thủ thuật được thực hiện
5.txt,Tiền sử bệnh nội khoa,PAST_HISTORY,,1,4,25,1,1.0,tiền sử bệnh nội khoa
5.txt,Các bệnh lý mạn tính,CHRONIC_DISEASES,PAST_HISTORY,2,30,50,2,1.0,các bệnh lý mạn tính
5.txt,Tiền sử bệnh hiện tại,CURRENT_HISTORY,,1,217,238,8,1.0,tiền sử bệnh hiện tại
5.txt,Lý do nhập viện,ADMISSION_REASON,CURRENT_HISTORY,2,243,258,9,1.0,lý do nhập viện
5.txt,Thời điểm khởi phát triệu chứng,ADMISSION_REASON,CURRENT_HISTORY,2,273,304,10,1.0,thời điểm khởi phát triệu chứng
5.txt,Triệu chứng chính,CURRENT_SYMPTOMS,CURRENT_HISTORY,2,363,380,13,1.0,triệu chứng chính
5.txt,Đánh giá tại bệnh viện,HOSPITAL_ASSESSMENT,,1,539,561,18,1.0,đánh giá tại bệnh viện
5.txt,Dấu hiệu lâm sàng,CURRENT_SYMPTOMS,HOSPITAL_ASSESSMENT,2,566,583,19,1.0,dấu hiệu lâm sàng
5.txt,Kết quả xét nghiệm,LAB_RESULT_SECTION,HOSPITAL_ASSESSMENT,2,762,780,24,1.0,kết quả xét nghiệm
5.txt,Kết quả chẩn đoán hình ảnh,IMAGING_RESULT_SECTION,HOSPITAL_ASSESSMENT,2,1017,1043,32,1.0,kết quả chẩn đoán hình ảnh
5.txt,Các thủ thuật đã thực hiện,PROCEDURE_SECTION,HOSPITAL_ASSESSMENT,2,1161,1187,34,1.0,các thủ thuật đã thực hiện
6.txt,Tiền sử bệnh nội khoa,PAST_HISTORY,,1,4,25,1,1.0,tiền sử bệnh nội khoa
6.txt,Tiền sử bệnh hiện tại,CURRENT_HISTORY,,1,143,164,4,1.0,tiền sử bệnh hiện tại
6.txt,Các sự kiện trước khi nhập viện,PRE_ADMISSION_EVENTS,CURRENT_HISTORY,2,169,200,5,1.0,các sự kiện trước khi nhập viện
6.txt,Tình trạng ngay trước khi nhập viện,IMMEDIATE_PRE_ADMISSION_STATUS,CURRENT_HISTORY,2,416,451,8,1.0,tình trạng ngay trước khi nhập viện
6.txt,Đánh giá tại bệnh viện,HOSPITAL_ASSESSMENT,,1,562,584,10,1.0,đánh giá tại bệnh viện
7.txt,Tiền sử bệnh,PAST_HISTORY,,1,4,16,1,1.0,tiền sử bệnh
7.txt,Các bệnh lý mạn tính,CHRONIC_DISEASES,PAST_HISTORY,2,21,41,2,1.0,các bệnh lý mạn tính
7.txt,Thuốc trước khi nhập viện lần này,MEDICATION_HISTORY,PAST_HISTORY,2,155,188,5,1.0,thuốc trước khi nhập viện lần này
7.txt,Các yếu tố nguy cơ liên quan,RISK_FACTORS,PAST_HISTORY,2,293,321,6,1.0,các yếu tố nguy cơ liên quan
7.txt,Tiền sử bệnh hiện tại,CURRENT_HISTORY,,1,350,371,8,1.0,tiền sử bệnh hiện tại
7.txt,Lý do nhập viện,ADMISSION_REASON,CURRENT_HISTORY,2,376,391,9,1.0,lý do nhập viện
7.txt,Triệu chứng hiện tại,CURRENT_SYMPTOMS,CURRENT_HISTORY,2,438,458,10,1.0,triệu chứng hiện tại
7.txt,Đặc điểm triệu chứng,SYMPTOM_DETAIL,CURRENT_HISTORY,2,699,719,18,1.0,đặc điểm triệu chứng
7.txt,Các sự kiện trước khi nhập viện,PRE_ADMISSION_EVENTS,CURRENT_HISTORY,2,1015,1046,25,1.0,các sự kiện trước khi nhập viện
7.txt,Tình trạng ngay trước khi nhập viện,IMMEDIATE_PRE_ADMISSION_STATUS,CURRENT_HISTORY,2,1580,1615,33,1.0,tình trạng ngay trước khi nhập viện
7.txt,Đánh giá tại bệnh viện,HOSPITAL_ASSESSMENT,,1,1707,1729,35,1.0,đánh giá tại bệnh viện
7.txt,Kết quả xét nghiệm,LAB_RESULT_SECTION,HOSPITAL_ASSESSMENT,2,1734,1752,36,1.0,kết quả xét nghiệm
7.txt,Kết quả chẩn đoán hình ảnh,IMAGING_RESULT_SECTION,HOSPITAL_ASSESSMENT,2,1790,1816,37,1.0,kết quả chẩn đoán hình ảnh
7.txt,Các thủ thuật đã thực hiện,PROCEDURE_SECTION,HOSPITAL_ASSESSMENT,2,1888,1914,38,1.0,các thủ thuật đã thực hiện
7.txt,Các phát hiện chẩn đoán khác,DIAGNOSTIC_FINDINGS,HOSPITAL_ASSESSMENT,2,1962,1990,39,1.0,các phát hiện chẩn đoán khác
8.txt,Bệnh sử,CURRENT_HISTORY,,1,0,7,1,1.0,bệnh sử
8.txt,Kết quả khám tại bệnh viện,HOSPITAL_ASSESSMENT,,1,704,730,7,1.0,kết quả khám tại bệnh viện
8.txt,Kết quả xét nghiệm,LAB_RESULT_SECTION,HOSPITAL_ASSESSMENT,2,731,749,8,1.0,kết quả xét nghiệm
8.txt,Thủ thuật đã thực hiện,PROCEDURE_SECTION,HOSPITAL_ASSESSMENT,2,828,850,9,1.0,thủ thuật đã thực hiện
9.txt,Tiền sử bệnh,PAST_HISTORY,,1,4,16,1,1.0,tiền sử bệnh
9.txt,Bệnh lý mãn tính,CHRONIC_DISEASES,PAST_HISTORY,2,21,37,2,1.0,bệnh lý mãn tính
9.txt,Thuốc trước khi nhập viện,MEDICATION_HISTORY,PAST_HISTORY,2,77,102,3,1.0,thuốc trước khi nhập viện
9.txt,Lịch sử bệnh hiện tại,CURRENT_HISTORY,,1,114,135,5,1.0,lịch sử bệnh hiện tại
9.txt,Lý do nhập viện,ADMISSION_REASON,CURRENT_HISTORY,2,140,155,6,1.0,lý do nhập viện
9.txt,Triệu chứng hiện tại,CURRENT_SYMPTOMS,CURRENT_HISTORY,2,201,221,7,1.0,triệu chứng hiện tại
9.txt,Các sự kiện trước khi nhập viện,PRE_ADMISSION_EVENTS,CURRENT_HISTORY,2,274,305,10,1.0,các sự kiện trước khi nhập viện
9.txt,Đánh giá tại bệnh viện,HOSPITAL_ASSESSMENT,,1,641,663,17,1.0,đánh giá tại bệnh viện
9.txt,Kết quả phòng thí nghiệm,LAB_RESULT_SECTION,HOSPITAL_ASSESSMENT,2,668,692,18,1.0,kết quả phòng thí nghiệm
9.txt,Kết quả chẩn đoán hình ảnh,IMAGING_RESULT_SECTION,HOSPITAL_ASSESSMENT,2,716,742,19,1.0,kết quả chẩn đoán hình ảnh
10.txt,Tiền sử bệnh nội khoa,PAST_HISTORY,,1,3,24,1,1.0,tiền sử bệnh nội khoa
10.txt,Tiền sử bệnh hiện tại,CURRENT_HISTORY,,1,62,83,3,1.0,tiền sử bệnh hiện tại
10.txt,Triệu chứng hiện tại,CURRENT_SYMPTOMS,CURRENT_HISTORY,2,84,104,4,1.0,triệu chứng hiện tại
10.txt,Đánh giá tại bệnh viện,HOSPITAL_ASSESSMENT,,1,204,226,11,1.0,đánh giá tại bệnh viện
10.txt,Kết quả xét nghiệm,LAB_RESULT_SECTION,HOSPITAL_ASSESSMENT,2,227,245,12,1.0,kết quả xét nghiệm
10.txt,Kết quả chẩn đoán hình ảnh,IMAGING_RESULT_SECTION,HOSPITAL_ASSESSMENT,2,296,322,13,1.0,kết quả chẩn đoán hình ảnh
10.txt,Thủ thuật thực hiện,PROCEDURE_SECTION,HOSPITAL_ASSESSMENT,2,531,550,16,1.0,thủ thuật thực hiện
10.txt,Các phát hiện chẩn đoán khác,DIAGNOSTIC_FINDINGS,HOSPITAL_ASSESSMENT,2,594,622,19,1.0,các phát hiện chẩn đoán khác
11.txt,Tiền sử bệnh nội khoa,PAST_HISTORY,,1,4,25,1,1.0,tiền sử bệnh nội khoa
11.txt,Các bệnh lý mạn tính,CHRONIC_DISEASES,PAST_HISTORY,2,30,50,2,1.0,các bệnh lý mạn tính
11.txt,Thuốc trước khi nhập viện lần này,MEDICATION_HISTORY,PAST_HISTORY,2,273,306,9,1.0,thuốc trước khi nhập viện lần này
11.txt,Tiền sử bệnh hiện tại,CURRENT_HISTORY,,1,331,352,10,1.0,tiền sử bệnh hiện tại
11.txt,Đánh giá tại bệnh viện,HOSPITAL_ASSESSMENT,,1,383,405,12,1.0,đánh giá tại bệnh viện
11.txt,Các thủ thuật đã thực hiện,PROCEDURE_SECTION,HOSPITAL_ASSESSMENT,2,410,436,13,1.0,các thủ thuật đã thực hiện
12.txt,Tiền sử bệnh nội khoa,PAST_HISTORY,,1,4,25,1,1.0,tiền sử bệnh nội khoa
12.txt,Bệnh lý mãn tính,CHRONIC_DISEASES,PAST_HISTORY,2,30,46,2,1.0,bệnh lý mãn tính
12.txt,Tiền sử bệnh hiện tại,CURRENT_HISTORY,,1,90,111,4,1.0,tiền sử bệnh hiện tại
12.txt,Lý do nhập viện,ADMISSION_REASON,CURRENT_HISTORY,2,116,131,5,1.0,lý do nhập viện
12.txt,Thời điểm khởi phát triệu chứng,ADMISSION_REASON,CURRENT_HISTORY,2,192,223,6,1.0,thời điểm khởi phát triệu chứng
12.txt,Diễn biến bệnh,SYMPTOM_DETAIL,CURRENT_HISTORY,2,272,286,9,1.0,diễn biến bệnh
12.txt,Triệu chứng hiện tại,CURRENT_SYMPTOMS,CURRENT_HISTORY,2,535,555,14,1.0,triệu chứng hiện tại
12.txt,Các diễn biến  trước khi nhập viện,PRE_ADMISSION_EVENTS,CURRENT_HISTORY,2,723,757,21,1.0,các diễn biến trước khi nhập viện
12.txt,Đánh giá tại bệnh viện,HOSPITAL_ASSESSMENT,,1,988,1010,26,1.0,đánh giá tại bệnh viện
12.txt,Kết quả xét nghiệm,LAB_RESULT_SECTION,HOSPITAL_ASSESSMENT,2,1015,1033,27,1.0,kết quả xét nghiệm
12.txt,Kết quả chẩn đoán hình ảnh,IMAGING_RESULT_SECTION,HOSPITAL_ASSESSMENT,2,1077,1103,28,1.0,kết quả chẩn đoán hình ảnh
12.txt,Các thủ thuật đã thực hiện,PROCEDURE_SECTION,HOSPITAL_ASSESSMENT,2,1167,1193,29,1.0,các thủ thuật đã thực hiện
13.txt,Tiền sử bệnh,PAST_HISTORY,,1,4,16,1,1.0,tiền sử bệnh
13.txt,Các bệnh lý mãn tính,CHRONIC_DISEASES,PAST_HISTORY,2,21,41,2,1.0,các bệnh lý mãn tính
13.txt,Tiền sử phẫu thuật / thủ thuật,PAST_HISTORY,,1,215,245,8,1.0,tiền sử phẫu thuật / thủ thuật
13.txt,Thuốc trước khi nhập viện,MEDICATION_HISTORY,PAST_HISTORY,2,286,311,9,1.0,thuốc trước khi nhập viện
13.txt,Tiền sử bệnh hiện tại,CURRENT_HISTORY,,1,530,551,15,1.0,tiền sử bệnh hiện tại
13.txt,Lý do nhập viện,ADMISSION_REASON,CURRENT_HISTORY,2,556,571,16,1.0,lý do nhập viện
13.txt,Diễn biến bệnh,SYMPTOM_DETAIL,CURRENT_HISTORY,2,642,656,17,1.0,diễn biến bệnh
13.txt,Triệu chứng khi nhập viện,CURRENT_SYMPTOMS,CURRENT_HISTORY,2,1312,1337,23,1.0,triệu chứng khi nhập viện
13.txt,Đặc điểm của triệu chứng,SYMPTOM_DETAIL,CURRENT_HISTORY,2,1563,1587,29,1.0,đặc điểm của triệu chứng
13.txt,Các sự kiện trước khi nhập viện,PRE_ADMISSION_EVENTS,CURRENT_HISTORY,2,1783,1814,34,1.0,các sự kiện trước khi nhập viện
13.txt,Đánh giá tại bệnh viện,HOSPITAL_ASSESSMENT,,1,2420,2442,42,1.0,đánh giá tại bệnh viện
13.txt,Các phát hiện chẩn đoán khác,DIAGNOSTIC_FINDINGS,HOSPITAL_ASSESSMENT,2,2447,2475,43,1.0,các phát hiện chẩn đoán khác
14.txt,Tiền sử bệnh nội khoa,PAST_HISTORY,,1,4,25,1,1.0,tiền sử bệnh nội khoa
14.txt,Tiền sử bệnh hiện tại,CURRENT_HISTORY,,1,30,51,2,1.0,tiền sử bệnh hiện tại
14.txt,Lý do nhập viện,ADMISSION_REASON,CURRENT_HISTORY,2,52,67,3,1.0,lý do nhập viện
14.txt,Triệu chứng hiện tại,CURRENT_SYMPTOMS,CURRENT_HISTORY,2,100,120,4,1.0,triệu chứng hiện tại
14.txt,Đặc điểm triệu chứng,SYMPTOM_DETAIL,CURRENT_HISTORY,2,159,179,8,1.0,đặc điểm triệu chứng
14.txt,Các sự kiện trước khi nhập viện,PRE_ADMISSION_EVENTS,CURRENT_HISTORY,2,378,409,12,1.0,các sự kiện trước khi nhập viện
15.txt,Bệnh sử hiện tại,CURRENT_HISTORY,,1,3,19,1,1.0,bệnh sử hiện tại
15.txt,Lý do nhập viện,ADMISSION_REASON,CURRENT_HISTORY,2,20,35,2,1.0,lý do nhập viện
15.txt,Đánh giá tại bệnh viện,HOSPITAL_ASSESSMENT,,1,96,118,4,1.0,đánh giá tại bệnh viện
15.txt,Các thủ thuật thực hiện,PROCEDURE_SECTION,HOSPITAL_ASSESSMENT,2,119,142,5,1.0,các thủ thuật thực hiện
15.txt,Các phát hiện chẩn đoán khác,DIAGNOSTIC_FINDINGS,HOSPITAL_ASSESSMENT,2,174,202,6,1.0,các phát hiện chẩn đoán khác
16.txt,Tiền sử bệnh,PAST_HISTORY,,1,3,15,1,1.0,tiền sử bệnh
16.txt,Các bệnh lý mạn tính,CHRONIC_DISEASES,PAST_HISTORY,2,16,36,2,1.0,các bệnh lý mạn tính
16.txt,Tiền sử phẫu thuật / thủ thuật,PAST_HISTORY,,1,152,182,7,1.0,tiền sử phẫu thuật / thủ thuật
16.txt,Các yếu tố nguy cơ liên quan,RISK_FACTORS,PAST_HISTORY,2,307,335,8,1.0,các yếu tố nguy cơ liên quan
16.txt,Bệnh sử hiện tại,CURRENT_HISTORY,,1,356,372,10,1.0,bệnh sử hiện tại
16.txt,Lý do nhập viện,ADMISSION_REASON,CURRENT_HISTORY,2,373,388,11,1.0,lý do nhập viện
16.txt,Thời điểm khởi phát triệu chứng,ADMISSION_REASON,CURRENT_HISTORY,2,435,466,12,1.0,thời điểm khởi phát triệu chứng
16.txt,Diễn biến bệnh,SYMPTOM_DETAIL,CURRENT_HISTORY,2,485,499,13,1.0,diễn biến bệnh
16.txt,Triệu chứng hiện tại,CURRENT_SYMPTOMS,CURRENT_HISTORY,2,968,988,18,1.0,triệu chứng hiện tại
16.txt,Đặc điểm triệu chứng,SYMPTOM_DETAIL,CURRENT_HISTORY,2,1171,1191,27,1.0,đặc điểm triệu chứng
16.txt,Đánh giá tại bệnh viện,HOSPITAL_ASSESSMENT,,1,1450,1472,33,1.0,đánh giá tại bệnh viện
16.txt,Dấu hiệu lâm sàng,CURRENT_SYMPTOMS,HOSPITAL_ASSESSMENT,2,1712,1729,38,1.0,dấu hiệu lâm sàng
16.txt,Kết quả xét nghiệm,LAB_RESULT_SECTION,HOSPITAL_ASSESSMENT,2,1916,1934,48,1.0,kết quả xét nghiệm
16.txt,Kết quả chẩn đoán hình ảnh,IMAGING_RESULT_SECTION,HOSPITAL_ASSESSMENT,2,2018,2044,49,1.0,kết quả chẩn đoán hình ảnh
16.txt,Các thủ thuật đã thực hiện,PROCEDURE_SECTION,HOSPITAL_ASSESSMENT,2,2127,2153,50,1.0,các thủ thuật đã thực hiện
16.txt,Các phát hiện chẩn đoán khác,DIAGNOSTIC_FINDINGS,HOSPITAL_ASSESSMENT,2,2200,2228,53,1.0,các phát hiện chẩn đoán khác
17.txt,Tiền sử bệnh nội khoa,PAST_HISTORY,,1,3,24,1,1.0,tiền sử bệnh nội khoa
17.txt,Bệnh mãn tính,CHRONIC_DISEASES,PAST_HISTORY,2,25,38,2,1.0,bệnh mãn tính
17.txt,Bệnh sử hiện tại,CURRENT_HISTORY,,1,101,117,3,1.0,bệnh sử hiện tại
17.txt,Lý do nhập viện,ADMISSION_REASON,CURRENT_HISTORY,2,118,133,4,1.0,lý do nhập viện
17.txt,Thời điểm khởi phát triệu chứng,ADMISSION_REASON,CURRENT_HISTORY,2,168,199,5,1.0,thời điểm khởi phát triệu chứng
17.txt,Diễn biến bệnh,SYMPTOM_DETAIL,CURRENT_HISTORY,2,248,262,6,1.0,diễn biến bệnh
17.txt,Triệu chứng hiện tại,CURRENT_SYMPTOMS,CURRENT_HISTORY,2,599,619,13,1.0,triệu chứng hiện tại
17.txt,Các biến trước khi nhập viện,PRE_ADMISSION_EVENTS,CURRENT_HISTORY,2,728,756,23,1.0,các biến trước khi nhập viện
17.txt,Đánh giá tại bệnh viện,HOSPITAL_ASSESSMENT,,1,1072,1094,31,1.0,đánh giá tại bệnh viện
17.txt,Kết quả khám lâm sàng,DIAGNOSTIC_FINDINGS,HOSPITAL_ASSESSMENT,2,1095,1116,32,1.0,kết quả khám lâm sàng
17.txt,Kết quả xét nghiệm máu,LAB_RESULT_SECTION,HOSPITAL_ASSESSMENT,2,1352,1374,38,1.0,kết quả xét nghiệm máu
17.txt,Kết quả chẩn đoán hình ảnh,IMAGING_RESULT_SECTION,HOSPITAL_ASSESSMENT,2,1512,1538,47,1.0,kết quả chẩn đoán hình ảnh
17.txt,Các thủ thuật đã thực hiện,PROCEDURE_SECTION,HOSPITAL_ASSESSMENT,2,1880,1906,50,1.0,các thủ thuật đã thực hiện
18.txt,Tiền sử bệnh nội khoa,PAST_HISTORY,,1,4,25,1,1.0,tiền sử bệnh nội khoa
18.txt,Các bệnh mãn tính,CHRONIC_DISEASES,PAST_HISTORY,2,30,47,2,1.0,các bệnh mãn tính
18.txt,Tiền sử bệnh hiện tại,CURRENT_HISTORY,,1,113,134,3,1.0,tiền sử bệnh hiện tại
18.txt,Lý do nhập viện,ADMISSION_REASON,CURRENT_HISTORY,2,139,154,4,1.0,lý do nhập viện
18.txt,Thời điểm khởi phát triệu chứng,ADMISSION_REASON,CURRENT_HISTORY,2,219,250,5,1.0,thời điểm khởi phát triệu chứng
18.txt,Triệu chứng hiện tại,CURRENT_SYMPTOMS,CURRENT_HISTORY,2,265,285,6,1.0,triệu chứng hiện tại
18.txt,Tình trạng ngay trước khi nhập viện,IMMEDIATE_PRE_ADMISSION_STATUS,CURRENT_HISTORY,2,359,394,10,1.0,tình trạng ngay trước khi nhập viện
18.txt,Đánh giá tại bệnh viện,HOSPITAL_ASSESSMENT,,1,441,463,11,1.0,đánh giá tại bệnh viện
18.txt,Kết quả chụp ảnh,IMAGING_RESULT_SECTION,HOSPITAL_ASSESSMENT,2,468,484,12,1.0,kết quả chụp ảnh
18.txt,Các thủ thuật đã thực hiện,PROCEDURE_SECTION,HOSPITAL_ASSESSMENT,2,685,711,13,1.0,các thủ thuật đã thực hiện
18.txt,Các phát hiện chẩn đoán khác,DIAGNOSTIC_FINDINGS,HOSPITAL_ASSESSMENT,2,774,802,14,1.0,các phát hiện chẩn đoán khác
19.txt,Tiền sử bệnh nội khoa,PAST_HISTORY,,1,4,25,1,1.0,tiền sử bệnh nội khoa
19.txt,Các bệnh lý nội khoa mạn tính,CHRONIC_DISEASES,PAST_HISTORY,2,30,59,2,1.0,các bệnh lý nội khoa mạn tính
19.txt,Tiền sử phẫu thuật / thủ thuật,PAST_HISTORY,,1,289,319,8,1.0,tiền sử phẫu thuật / thủ thuật
19.txt,Thuốc trước khi nhập viện,MEDICATION_HISTORY,PAST_HISTORY,2,355,380,9,1.0,thuốc trước khi nhập viện
19.txt,Tiền sử bệnh hiện tại,CURRENT_HISTORY,,1,421,442,10,1.0,tiền sử bệnh hiện tại
19.txt,Lý do nhập viện,ADMISSION_REASON,CURRENT_HISTORY,2,447,462,11,1.0,lý do nhập viện
19.txt,Thời điểm khởi phát triệu chứng,ADMISSION_REASON,CURRENT_HISTORY,2,481,512,12,1.0,thời điểm khởi phát triệu chứng
19.txt,Diễn biến bệnh,SYMPTOM_DETAIL,CURRENT_HISTORY,2,531,545,13,1.0,diễn biến bệnh
19.txt,Triệu chứng hiện tại,CURRENT_SYMPTOMS,CURRENT_HISTORY,2,686,706,17,1.0,triệu chứng hiện tại
19.txt,Đặc điểm triệu chứng,SYMPTOM_DETAIL,CURRENT_HISTORY,2,725,745,18,1.0,đặc điểm triệu chứng
19.txt,Sự kiện trước khi nhập viện,PRE_ADMISSION_EVENTS,CURRENT_HISTORY,2,1047,1074,24,1.0,sự kiện trước khi nhập viện
19.txt,Đánh giá tại bệnh viện,HOSPITAL_ASSESSMENT,,1,1114,1136,25,1.0,đánh giá tại bệnh viện
19.txt,Dấu hiệu lâm sàng,CURRENT_SYMPTOMS,HOSPITAL_ASSESSMENT,2,1141,1158,26,1.0,dấu hiệu lâm sàng
20.txt,Tiền sử bệnh,PAST_HISTORY,,1,4,16,1,1.0,tiền sử bệnh
20.txt,Các bệnh lý mãn tính,CHRONIC_DISEASES,PAST_HISTORY,2,21,41,2,1.0,các bệnh lý mãn tính
20.txt,Tiền sử phẫu thuật / thủ thuật,PAST_HISTORY,,1,226,256,8,1.0,tiền sử phẫu thuật / thủ thuật
20.txt,Thuốc trước khi nhập viện,MEDICATION_HISTORY,PAST_HISTORY,2,322,347,11,1.0,thuốc trước khi nhập viện
20.txt,Các yếu tố nguy cơ liên quan,RISK_FACTORS,PAST_HISTORY,2,422,450,14,1.0,các yếu tố nguy cơ liên quan
20.txt,Tiền sử bệnh hiện tại,CURRENT_HISTORY,,1,600,621,18,1.0,tiền sử bệnh hiện tại
20.txt,Lý do nhập viện,ADMISSION_REASON,CURRENT_HISTORY,2,626,641,19,1.0,lý do nhập viện
20.txt,Thời điểm khởi phát triệu chứng,ADMISSION_REASON,CURRENT_HISTORY,2,680,711,20,1.0,thời điểm khởi phát triệu chứng
20.txt,Diễn biến bệnh,SYMPTOM_DETAIL,CURRENT_HISTORY,2,725,739,21,1.0,diễn biến bệnh
20.txt,Triệu chứng khi nhập viện,CURRENT_SYMPTOMS,CURRENT_HISTORY,2,927,952,27,1.0,triệu chứng khi nhập viện
20.txt,Đặc điểm triệu chứng,SYMPTOM_DETAIL,CURRENT_HISTORY,2,1005,1025,28,1.0,đặc điểm triệu chứng
20.txt,Các sự kiện trước khi nhập viện,PRE_ADMISSION_EVENTS,CURRENT_HISTORY,2,1107,1138,31,1.0,các sự kiện trước khi nhập viện
20.txt,Đánh giá tại bệnh viện,HOSPITAL_ASSESSMENT,,1,1826,1848,43,1.0,đánh giá tại bệnh viện
20.txt,Kết quả khám lâm sàng,DIAGNOSTIC_FINDINGS,HOSPITAL_ASSESSMENT,2,1853,1874,44,1.0,kết quả khám lâm sàng
20.txt,Kết quả chụp ảnh/kỹ thuật chẩn đoán hình ảnh,IMAGING_RESULT_SECTION,HOSPITAL_ASSESSMENT,2,1972,2016,47,1.0,kết quả chụp ảnh/kỹ thuật chẩn đoán hình ảnh
20.txt,Các thủ thuật đã thực hiện,PROCEDURE_SECTION,HOSPITAL_ASSESSMENT,2,2578,2604,53,1.0,các thủ thuật đã thực hiện
20.txt,Các phát hiện chẩn đoán khác,DIAGNOSTIC_FINDINGS,HOSPITAL_ASSESSMENT,2,2812,2840,58,1.0,các phát hiện chẩn đoán khác
21.txt,Tiền sử bệnh,PAST_HISTORY,,1,4,16,1,1.0,tiền sử bệnh
21.txt,Các bệnh lý mãn tính,CHRONIC_DISEASES,PAST_HISTORY,2,21,41,2,1.0,các bệnh lý mãn tính
21.txt,Tiền sử phẫu thuật / thủ thuật,PAST_HISTORY,,1,132,162,6,1.0,tiền sử phẫu thuật / thủ thuật
21.txt,Các yếu tố nguy cơ liên quan,RISK_FACTORS,PAST_HISTORY,2,301,329,7,1.0,các yếu tố nguy cơ liên quan
21.txt,Tiền sử bệnh hiện tại,CURRENT_HISTORY,,1,370,391,8,1.0,tiền sử bệnh hiện tại
21.txt,Lý do nhập viện,ADMISSION_REASON,CURRENT_HISTORY,2,396,411,9,1.0,lý do nhập viện
21.txt,Đánh giá tại bệnh viện,HOSPITAL_ASSESSMENT,,1,498,520,10,1.0,đánh giá tại bệnh viện
22.txt,Tiền sử bệnh,PAST_HISTORY,,1,3,15,1,1.0,tiền sử bệnh
22.txt,Bệnh lý mãn tính,CHRONIC_DISEASES,PAST_HISTORY,2,16,32,2,1.0,bệnh lý mãn tính
22.txt,Thuốc trước khi nhập viện,MEDICATION_HISTORY,PAST_HISTORY,2,48,73,3,1.0,thuốc trước khi nhập viện
22.txt,Bệnh sử hiện tại,CURRENT_HISTORY,,1,102,118,4,1.0,bệnh sử hiện tại
22.txt,Đánh giá tại bệnh viện,HOSPITAL_ASSESSMENT,,1,122,144,5,1.0,đánh giá tại bệnh viện
22.txt,Kết quả chẩn đoán hình ảnh,IMAGING_RESULT_SECTION,HOSPITAL_ASSESSMENT,2,196,222,7,1.0,kết quả chẩn đoán hình ảnh
22.txt,Các thủ thuật đã thực hiện,PROCEDURE_SECTION,HOSPITAL_ASSESSMENT,2,314,340,8,1.0,các thủ thuật đã thực hiện
23.txt,Tiền sử bệnh lý,PAST_HISTORY,,1,4,19,1,1.0,tiền sử bệnh lý
23.txt,Bệnh sử,CURRENT_HISTORY,,1,108,115,6,1.0,bệnh sử
23.txt,Triệu chứng khi nhập viện,CURRENT_SYMPTOMS,CURRENT_HISTORY,2,1981,2006,21,1.0,triệu chứng khi nhập viện
23.txt,Tình trạng trước nhập viện,IMMEDIATE_PRE_ADMISSION_STATUS,CURRENT_HISTORY,2,2200,2226,26,1.0,tình trạng trước nhập viện
23.txt,Đánh giá tại bệnh viện,HOSPITAL_ASSESSMENT,,1,2300,2322,27,1.0,đánh giá tại bệnh viện
23.txt,Cận lâm sàng,HOSPITAL_ASSESSMENT,,1,2567,2579,32,1.0,cận lâm sàng
24.txt,Tiền sử bệnh,PAST_HISTORY,,1,4,16,1,1.0,tiền sử bệnh
24.txt,Bệnh lý mãn tính,CHRONIC_DISEASES,PAST_HISTORY,2,21,37,2,1.0,bệnh lý mãn tính
24.txt,Tiền sử phẫu thuật / thủ thuật,PAST_HISTORY,,1,104,134,3,1.0,tiền sử phẫu thuật / thủ thuật
24.txt,Tiền sử bệnh hiện tại,CURRENT_HISTORY,,1,218,239,6,1.0,tiền sử bệnh hiện tại
24.txt,Lý do nhập viện,ADMISSION_REASON,CURRENT_HISTORY,2,244,259,7,1.0,lý do nhập viện
24.txt,Diễn biến bệnh,SYMPTOM_DETAIL,CURRENT_HISTORY,2,489,503,12,1.0,diễn biến bệnh
24.txt,Triệu chứng hiện tại,CURRENT_SYMPTOMS,CURRENT_HISTORY,2,910,930,20,1.0,triệu chứng hiện tại
24.txt,khám tại bệnh viện,HOSPITAL_ASSESSMENT,,1,1107,1125,26,1.0,khám tại bệnh viện
24.txt,Dấu hiệu lâm sàng,CURRENT_SYMPTOMS,HOSPITAL_ASSESSMENT,2,1130,1147,27,1.0,dấu hiệu lâm sàng
24.txt,Thủ thuật đã thực hiện,PROCEDURE_SECTION,HOSPITAL_ASSESSMENT,2,1274,1296,32,1.0,thủ thuật đã thực hiện
25.txt,Tiền sử bệnh nội khoa,PAST_HISTORY,,1,4,25,1,1.0,tiền sử bệnh nội khoa
25.txt,Bệnh lý mãn tính,CHRONIC_DISEASES,PAST_HISTORY,2,30,46,2,1.0,bệnh lý mãn tính
25.txt,Tiền sử bệnh hiện tại,CURRENT_HISTORY,,1,193,214,4,1.0,tiền sử bệnh hiện tại
25.txt,khám  tại bệnh viện,HOSPITAL_ASSESSMENT,,1,219,238,5,1.0,khám tại bệnh viện
25.txt,Các phát hiện chẩn đoán khác,DIAGNOSTIC_FINDINGS,HOSPITAL_ASSESSMENT,2,305,333,7,1.0,các phát hiện chẩn đoán khác
26.txt,Tiền sử bệnh nội khoa,PAST_HISTORY,,1,4,25,1,1.0,tiền sử bệnh nội khoa
26.txt,Các bệnh lý mãn tính,CHRONIC_DISEASES,PAST_HISTORY,2,30,50,2,1.0,các bệnh lý mãn tính
26.txt,Tiền sử bệnh hiện tại,CURRENT_HISTORY,,1,64,85,3,1.0,tiền sử bệnh hiện tại
26.txt,Lý do nhập viện,ADMISSION_REASON,CURRENT_HISTORY,2,90,105,4,1.0,lý do nhập viện
26.txt,Các sự kiện trước khi nhập viện,PRE_ADMISSION_EVENTS,CURRENT_HISTORY,2,146,177,5,1.0,các sự kiện trước khi nhập viện
26.txt,Đánh giá tại bệnh viện,HOSPITAL_ASSESSMENT,,1,356,378,8,1.0,đánh giá tại bệnh viện
27.txt,Tiền sử bệnh,PAST_HISTORY,,1,4,16,1,1.0,tiền sử bệnh
27.txt,Các bệnh lý mãn tính,CHRONIC_DISEASES,PAST_HISTORY,2,21,41,2,1.0,các bệnh lý mãn tính
27.txt,Tiền sử phẫu thuật / thủ thuật,PAST_HISTORY,,1,262,292,7,1.0,tiền sử phẫu thuật / thủ thuật
27.txt,Thuốc trước khi nhập viện,MEDICATION_HISTORY,PAST_HISTORY,2,328,353,8,1.0,thuốc trước khi nhập viện
27.txt,Tiền sử bệnh hiện tại,CURRENT_HISTORY,,1,369,390,10,1.0,tiền sử bệnh hiện tại
27.txt,Lý do nhập viện,ADMISSION_REASON,CURRENT_HISTORY,2,395,410,11,1.0,lý do nhập viện
27.txt,Các triệu chứng hiện tại,CURRENT_SYMPTOMS,CURRENT_HISTORY,2,424,448,12,1.0,các triệu chứng hiện tại
27.txt,Các diễn biến trước khi nhập viện,PRE_ADMISSION_EVENTS,CURRENT_HISTORY,2,803,836,25,1.0,các diễn biến trước khi nhập viện
27.txt,Đánh giá tại bệnh viện,HOSPITAL_ASSESSMENT,,1,958,980,28,1.0,đánh giá tại bệnh viện
27.txt,Các thủ thuật đã thực hiện,PROCEDURE_SECTION,HOSPITAL_ASSESSMENT,2,985,1011,29,1.0,các thủ thuật đã thực hiện
27.txt,Các phát hiện chẩn đoán khác,DIAGNOSTIC_FINDINGS,HOSPITAL_ASSESSMENT,2,1078,1106,32,1.0,các phát hiện chẩn đoán khác
28.txt,Tiền sử bệnh,PAST_HISTORY,,1,4,16,1,1.0,tiền sử bệnh
28.txt,Bệnh lý mãn tính,CHRONIC_DISEASES,PAST_HISTORY,2,75,91,3,1.0,bệnh lý mãn tính
28.txt,Tiền sử phẫu thuật / thủ thuật,PAST_HISTORY,,1,224,254,7,1.0,tiền sử phẫu thuật / thủ thuật
28.txt,Thuốc trước khi nhập viện,MEDICATION_HISTORY,PAST_HISTORY,2,321,346,8,1.0,thuốc trước khi nhập viện
28.txt,Tiền sử bệnh hiện tại,CURRENT_HISTORY,,1,385,406,9,1.0,tiền sử bệnh hiện tại
28.txt,Lý do nhập viện,ADMISSION_REASON,CURRENT_HISTORY,2,411,426,10,1.0,lý do nhập viện
28.txt,Thời điểm khởi phát triệu chứng,ADMISSION_REASON,CURRENT_HISTORY,2,448,479,11,1.0,thời điểm khởi phát triệu chứng
28.txt,Diễn biến bệnh,SYMPTOM_DETAIL,CURRENT_HISTORY,2,639,653,14,1.0,diễn biến bệnh
28.txt,Triệu chứng hiện tại,CURRENT_SYMPTOMS,CURRENT_HISTORY,2,1039,1059,19,1.0,triệu chứng hiện tại
28.txt,Đặc điểm triệu chứng,SYMPTOM_DETAIL,CURRENT_HISTORY,2,1221,1241,26,1.0,đặc điểm triệu chứng
28.txt,Diễn biến  trước khi nhập viện,PRE_ADMISSION_EVENTS,CURRENT_HISTORY,2,1458,1488,31,1.0,diễn biến trước khi nhập viện
28.txt,Đánh giá tại bệnh viện,HOSPITAL_ASSESSMENT,,1,1716,1738,34,1.0,đánh giá tại bệnh viện
28.txt,Kết quả laboratory,LAB_RESULT_SECTION,HOSPITAL_ASSESSMENT,2,1743,1761,35,1.0,kết quả laboratory
28.txt,Kết quả chẩn đoán hình ảnh,IMAGING_RESULT_SECTION,HOSPITAL_ASSESSMENT,2,2044,2070,41,1.0,kết quả chẩn đoán hình ảnh
28.txt,Các phát hiện chẩn đoán khác,DIAGNOSTIC_FINDINGS,HOSPITAL_ASSESSMENT,2,2368,2396,45,1.0,các phát hiện chẩn đoán khác
29.txt,Tiền sử bệnh nội khoa,PAST_HISTORY,,1,4,25,1,1.0,tiền sử bệnh nội khoa
29.txt,Tiền sử bệnh hiện tại,CURRENT_HISTORY,,1,31,52,3,1.0,tiền sử bệnh hiện tại
29.txt,Lý do nhập viện,ADMISSION_REASON,CURRENT_HISTORY,2,53,68,4,1.0,lý do nhập viện
29.txt,Thời điểm khởi phát triệu chứng,ADMISSION_REASON,CURRENT_HISTORY,2,106,137,5,1.0,thời điểm khởi phát triệu chứng
29.txt,Triệu chứng hiện tại,CURRENT_SYMPTOMS,CURRENT_HISTORY,2,154,174,6,1.0,triệu chứng hiện tại
29.txt,Đánh giá tại bệnh viện,HOSPITAL_ASSESSMENT,,1,263,285,11,1.0,đánh giá tại bệnh viện
30.txt,Tiền sử bệnh nội khoa,PAST_HISTORY,,1,4,25,1,1.0,tiền sử bệnh nội khoa
30.txt,Các bệnh lý mạn tính,CHRONIC_DISEASES,PAST_HISTORY,2,30,50,2,1.0,các bệnh lý mạn tính
30.txt,Thuốc trước khi nhập viện lần này,MEDICATION_HISTORY,PAST_HISTORY,2,150,183,6,1.0,thuốc trước khi nhập viện lần này
30.txt,Tiền sử bệnh hiện tại,CURRENT_HISTORY,,1,320,341,11,1.0,tiền sử bệnh hiện tại
30.txt,Lý do nhập viện,ADMISSION_REASON,CURRENT_HISTORY,2,346,361,12,1.0,lý do nhập viện
30.txt,Thời điểm khởi phát triệu chứng,ADMISSION_REASON,CURRENT_HISTORY,2,375,406,13,1.0,thời điểm khởi phát triệu chứng
30.txt,Diễn biến,SYMPTOM_DETAIL,CURRENT_HISTORY,2,435,444,14,1.0,diễn biến
30.txt,Triệu chứng hiện tại,CURRENT_SYMPTOMS,CURRENT_HISTORY,2,897,917,22,1.0,triệu chứng hiện tại
30.txt,Đặc điểm triệu chứng,SYMPTOM_DETAIL,CURRENT_HISTORY,2,931,951,23,1.0,đặc điểm triệu chứng
30.txt,Tình trạng ngay trước khi nhập viện,IMMEDIATE_PRE_ADMISSION_STATUS,CURRENT_HISTORY,2,1416,1451,33,1.0,tình trạng ngay trước khi nhập viện
30.txt,Đánh giá tại bệnh viện,HOSPITAL_ASSESSMENT,,1,1495,1517,34,1.0,đánh giá tại bệnh viện
31.txt,Lý do nhập viện,ADMISSION_REASON,CURRENT_HISTORY,2,0,15,1,1.0,lý do nhập viện
32.txt,Tiền sử bệnh,PAST_HISTORY,,1,3,15,1,1.0,tiền sử bệnh
32.txt,Các bệnh lý mạn tính,CHRONIC_DISEASES,PAST_HISTORY,2,20,40,2,1.0,các bệnh lý mạn tính
32.txt,Bệnh sử hiện tại,CURRENT_HISTORY,,1,189,205,8,1.0,bệnh sử hiện tại
32.txt,Triệu chứng khi nhập viện,CURRENT_SYMPTOMS,CURRENT_HISTORY,2,1624,1649,22,1.0,triệu chứng khi nhập viện
32.txt,Các phát hiện chẩn đoán khác,DIAGNOSTIC_FINDINGS,CURRENT_HISTORY,2,2084,2112,28,1.0,các phát hiện chẩn đoán khác
33.txt,Tiền sử bệnh,PAST_HISTORY,,1,4,16,1,1.0,tiền sử bệnh
33.txt,Các bệnh lý mãn tính,CHRONIC_DISEASES,PAST_HISTORY,2,21,41,2,1.0,các bệnh lý mãn tính
33.txt,Dị ứng,RISK_FACTORS,PAST_HISTORY,2,182,188,7,1.0,dị ứng
33.txt,Tiền sử bệnh hiện tại,CURRENT_HISTORY,,1,213,234,9,1.0,tiền sử bệnh hiện tại
33.txt,Lý do nhập viện,ADMISSION_REASON,CURRENT_HISTORY,2,239,254,10,1.0,lý do nhập viện
33.txt,Thời điểm khởi phát triệu chứng,ADMISSION_REASON,CURRENT_HISTORY,2,268,299,11,1.0,thời điểm khởi phát triệu chứng
33.txt,Triệu chứng hiện tại,CURRENT_SYMPTOMS,CURRENT_HISTORY,2,414,434,14,1.0,triệu chứng hiện tại
33.txt,Đặc điểm triệu chứng,SYMPTOM_DETAIL,CURRENT_HISTORY,2,650,670,21,1.0,đặc điểm triệu chứng
33.txt,Các sự kiện trước khi nhập viện,PRE_ADMISSION_EVENTS,CURRENT_HISTORY,2,934,965,26,1.0,các sự kiện trước khi nhập viện
33.txt,Tình trạng ngay trước khi nhập viện,IMMEDIATE_PRE_ADMISSION_STATUS,CURRENT_HISTORY,2,1242,1277,32,1.0,tình trạng ngay trước khi nhập viện
33.txt,Đánh giá tại bệnh viện,HOSPITAL_ASSESSMENT,,1,1336,1358,34,1.0,đánh giá tại bệnh viện
33.txt,Các thuốc đã thực hiện,MEDICATION_ADMINISTERED,HOSPITAL_ASSESSMENT,2,1363,1385,35,1.0,các thuốc đã thực hiện
34.txt,Tiền sử bệnh nội khoa,PAST_HISTORY,,1,4,25,1,1.0,tiền sử bệnh nội khoa
34.txt,Các bệnh lý mạn tính,CHRONIC_DISEASES,PAST_HISTORY,2,30,50,2,1.0,các bệnh lý mạn tính
34.txt,Tiền sử phẫu thuật / thủ thuật,PAST_HISTORY,,1,149,179,5,1.0,tiền sử phẫu thuật / thủ thuật
34.txt,Thuốc trước khi nhập viện,MEDICATION_HISTORY,PAST_HISTORY,2,253,278,6,1.0,thuốc trước khi nhập viện
34.txt,Tiền sử bệnh hiện tại,CURRENT_HISTORY,,1,307,328,8,1.0,tiền sử bệnh hiện tại
34.txt,Thời điểm khởi phát triệu chứng,ADMISSION_REASON,CURRENT_HISTORY,2,333,364,9,1.0,thời điểm khởi phát triệu chứng
34.txt,Triệu chứng hiện tại,CURRENT_SYMPTOMS,CURRENT_HISTORY,2,381,401,10,1.0,triệu chứng hiện tại
34.txt,Đặc điểm triệu chứng,SYMPTOM_DETAIL,CURRENT_HISTORY,2,832,852,21,1.0,đặc điểm triệu chứng
34.txt,Sự kiện trước khi nhập viện,PRE_ADMISSION_EVENTS,CURRENT_HISTORY,2,1154,1181,27,1.0,sự kiện trước khi nhập viện
34.txt,Đánh giá tại bệnh viện,HOSPITAL_ASSESSMENT,,1,1355,1377,31,1.0,đánh giá tại bệnh viện
35.txt,Tiền sử bệnh nội khoa,PAST_HISTORY,,1,4,25,1,1.0,tiền sử bệnh nội khoa
35.txt,Các bệnh lý mạn tính,CHRONIC_DISEASES,PAST_HISTORY,2,30,50,2,1.0,các bệnh lý mạn tính
35.txt,Thuốc trước khi nhập viện,MEDICATION_HISTORY,PAST_HISTORY,2,354,379,13,1.0,thuốc trước khi nhập viện
35.txt,Tiền sử bệnh hiện tại,CURRENT_HISTORY,,1,428,449,15,1.0,tiền sử bệnh hiện tại
35.txt,Lý do nhập viện,ADMISSION_REASON,CURRENT_HISTORY,2,454,469,16,1.0,lý do nhập viện
35.txt,Thời điểm khởi phát triệu chứng,ADMISSION_REASON,CURRENT_HISTORY,2,572,603,20,1.0,thời điểm khởi phát triệu chứng
35.txt,Diễn biến bệnh,SYMPTOM_DETAIL,CURRENT_HISTORY,2,640,654,21,1.0,diễn biến bệnh
35.txt,Triệu chứng hiện tại,CURRENT_SYMPTOMS,CURRENT_HISTORY,2,770,790,25,1.0,triệu chứng hiện tại
35.txt,Các sự kiện trước khi nhập viện,PRE_ADMISSION_EVENTS,CURRENT_HISTORY,2,924,955,31,1.0,các sự kiện trước khi nhập viện
35.txt,Tình trạng ngay trước khi nhập viện,IMMEDIATE_PRE_ADMISSION_STATUS,CURRENT_HISTORY,2,1059,1094,34,1.0,tình trạng ngay trước khi nhập viện
35.txt,Đánh giá tại bệnh viện,HOSPITAL_ASSESSMENT,,1,1238,1260,40,1.0,đánh giá tại bệnh viện
35.txt,Kết quả xét nghiệm,LAB_RESULT_SECTION,HOSPITAL_ASSESSMENT,2,1265,1283,41,1.0,kết quả xét nghiệm
35.txt,Kết quả chẩn đoán hình ảnh,IMAGING_RESULT_SECTION,HOSPITAL_ASSESSMENT,2,1491,1517,48,1.0,kết quả chẩn đoán hình ảnh
35.txt,Các phát hiện chẩn đoán khác,DIAGNOSTIC_FINDINGS,HOSPITAL_ASSESSMENT,2,1556,1584,49,1.0,các phát hiện chẩn đoán khác
36.txt,Tiền sử bệnh,PAST_HISTORY,,1,4,16,1,1.0,tiền sử bệnh
36.txt,Tiền sử phẫu thuật / thủ thuật,PAST_HISTORY,,1,95,125,3,1.0,tiền sử phẫu thuật / thủ thuật
36.txt,Thuốc trước khi nhập viện,MEDICATION_HISTORY,PAST_HISTORY,2,170,195,4,1.0,thuốc trước khi nhập viện
36.txt,Tiền sử bệnh hiện tại,CURRENT_HISTORY,,1,339,360,9,1.0,tiền sử bệnh hiện tại
36.txt,Lý do nhập viện,ADMISSION_REASON,CURRENT_HISTORY,2,369,384,10,1.0,lý do nhập viện
36.txt,Thời điểm khởi phát triệu chứng,ADMISSION_REASON,CURRENT_HISTORY,2,418,449,11,1.0,thời điểm khởi phát triệu chứng
36.txt,Diễn biến bệnh,SYMPTOM_DETAIL,CURRENT_HISTORY,2,487,501,12,1.0,diễn biến bệnh
36.txt,Triệu chứng khi nhập viện,CURRENT_SYMPTOMS,CURRENT_HISTORY,2,1244,1269,26,1.0,triệu chứng khi nhập viện
36.txt,Các sự kiện trước khi nhập viện,PRE_ADMISSION_EVENTS,CURRENT_HISTORY,2,1303,1334,27,1.0,các sự kiện trước khi nhập viện
36.txt,Tình trạng ngay trước khi nhập viện,IMMEDIATE_PRE_ADMISSION_STATUS,CURRENT_HISTORY,2,1767,1802,34,1.0,tình trạng ngay trước khi nhập viện
36.txt,Đánh giá tại bệnh viện,HOSPITAL_ASSESSMENT,,1,1874,1896,36,1.0,đánh giá tại bệnh viện
36.txt,Kết quả xét nghiệm,LAB_RESULT_SECTION,HOSPITAL_ASSESSMENT,2,1905,1923,37,1.0,kết quả xét nghiệm
36.txt,Kết quả chẩn đoán hình ảnh,IMAGING_RESULT_SECTION,HOSPITAL_ASSESSMENT,2,2017,2043,41,1.0,kết quả chẩn đoán hình ảnh
36.txt,Thủ thuật đã thực hiện,PROCEDURE_SECTION,HOSPITAL_ASSESSMENT,2,2104,2126,42,1.0,thủ thuật đã thực hiện
36.txt,Các kết quả chẩn đoán khác,DIAGNOSTIC_FINDINGS,HOSPITAL_ASSESSMENT,2,2243,2269,45,1.0,các kết quả chẩn đoán khác
37.txt,Tiền sử bệnh,PAST_HISTORY,,1,3,15,1,1.0,tiền sử bệnh
37.txt,Tiền sử bệnh nội khoa,PAST_HISTORY,,1,16,37,2,1.0,tiền sử bệnh nội khoa
37.txt,Thuốc trước khi nhập viện,MEDICATION_HISTORY,PAST_HISTORY,2,196,221,7,1.0,thuốc trước khi nhập viện
37.txt,Bệnh sử hiện tại,CURRENT_HISTORY,,1,532,548,14,1.0,bệnh sử hiện tại
37.txt,Lý do nhập viện,ADMISSION_REASON,CURRENT_HISTORY,2,549,564,15,1.0,lý do nhập viện
37.txt,Các sự kiện trước khi nhập viện,PRE_ADMISSION_EVENTS,CURRENT_HISTORY,2,623,654,16,1.0,các sự kiện trước khi nhập viện
37.txt,Đánh giá tại bệnh viện,HOSPITAL_ASSESSMENT,,1,1312,1334,29,1.0,đánh giá tại bệnh viện
37.txt,Kết quả xét nghiệm,LAB_RESULT_SECTION,HOSPITAL_ASSESSMENT,2,1335,1353,30,1.0,kết quả xét nghiệm
37.txt,Kết quả chẩn đoán hình ảnh,IMAGING_RESULT_SECTION,HOSPITAL_ASSESSMENT,2,1524,1550,40,1.0,kết quả chẩn đoán hình ảnh
37.txt,Các thủ thuật đã thực hiện,PROCEDURE_SECTION,HOSPITAL_ASSESSMENT,2,1641,1667,41,1.0,các thủ thuật đã thực hiện
38.txt,Tiền sử bệnh,PAST_HISTORY,,1,4,16,1,1.0,tiền sử bệnh
38.txt,Các bệnh lý mãn tính,CHRONIC_DISEASES,PAST_HISTORY,2,21,41,2,1.0,các bệnh lý mãn tính
38.txt,Tiền sử phẫu thuật / thủ thuật,PAST_HISTORY,,1,171,201,6,1.0,tiền sử phẫu thuật / thủ thuật
38.txt,Tiền sử bệnh hiện tại,CURRENT_HISTORY,,1,218,239,8,1.0,tiền sử bệnh hiện tại
38.txt,Lý do nhập viện,ADMISSION_REASON,CURRENT_HISTORY,2,244,259,9,1.0,lý do nhập viện
38.txt,Thời điểm khởi phát triệu chứng,ADMISSION_REASON,CURRENT_HISTORY,2,274,305,10,1.0,thời điểm khởi phát triệu chứng
38.txt,Các triệu chứng hiện tại,CURRENT_SYMPTOMS,CURRENT_HISTORY,2,338,362,11,1.0,các triệu chứng hiện tại
38.txt,Đặc điểm triệu chứng,SYMPTOM_DETAIL,CURRENT_HISTORY,2,462,482,15,1.0,đặc điểm triệu chứng
38.txt,Các sự kiện trước khi nhập viện,PRE_ADMISSION_EVENTS,CURRENT_HISTORY,2,663,694,20,1.0,các sự kiện trước khi nhập viện
38.txt,Đánh giá tại bệnh viện,HOSPITAL_ASSESSMENT,,1,942,964,26,1.0,đánh giá tại bệnh viện
38.txt,Kết quả xét nghiệm,LAB_RESULT_SECTION,HOSPITAL_ASSESSMENT,2,969,987,27,1.0,kết quả xét nghiệm
39.txt,Bệnh sử hiện tại,CURRENT_HISTORY,,1,3,19,1,1.0,bệnh sử hiện tại
39.txt,Lý do nhập viện,ADMISSION_REASON,CURRENT_HISTORY,2,20,35,2,1.0,lý do nhập viện
39.txt,Thời điểm khởi phát triệu chứng,ADMISSION_REASON,CURRENT_HISTORY,2,53,84,3,1.0,thời điểm khởi phát triệu chứng
39.txt,Triệu chứng hiện tại,CURRENT_SYMPTOMS,CURRENT_HISTORY,2,95,115,4,1.0,triệu chứng hiện tại
39.txt,Đặc điểm triệu chứng,SYMPTOM_DETAIL,CURRENT_HISTORY,2,172,192,9,1.0,đặc điểm triệu chứng
39.txt,Đánh giá tại bệnh viện,HOSPITAL_ASSESSMENT,,1,369,391,15,1.0,đánh giá tại bệnh viện
39.txt,Dấu hiệu lâm sàng,CURRENT_SYMPTOMS,HOSPITAL_ASSESSMENT,2,392,409,16,1.0,dấu hiệu lâm sàng
39.txt,Kết quả xét nghiệm,LAB_RESULT_SECTION,HOSPITAL_ASSESSMENT,2,433,451,19,1.0,kết quả xét nghiệm
39.txt,Kết quả chẩn đoán hình ảnh,IMAGING_RESULT_SECTION,HOSPITAL_ASSESSMENT,2,512,538,23,1.0,kết quả chẩn đoán hình ảnh
39.txt,Thủ thuật thực hiện,PROCEDURE_SECTION,HOSPITAL_ASSESSMENT,2,606,625,24,1.0,thủ thuật thực hiện
40.txt,Tiền sử bệnh lý,PAST_HISTORY,,1,4,19,1,1.0,tiền sử bệnh lý
40.txt,Các bệnh lý mạn tính,CHRONIC_DISEASES,PAST_HISTORY,2,24,44,2,1.0,các bệnh lý mạn tính
40.txt,Thuốc trước khi nhập viện,MEDICATION_HISTORY,PAST_HISTORY,2,144,169,7,1.0,thuốc trước khi nhập viện
40.txt,Tiền sử bệnh hiện tại,CURRENT_HISTORY,,1,255,276,12,1.0,tiền sử bệnh hiện tại
40.txt,Lý do nhập viện,ADMISSION_REASON,CURRENT_HISTORY,2,281,296,13,1.0,lý do nhập viện
40.txt,Thời điểm khởi phát triệu chứng,ADMISSION_REASON,CURRENT_HISTORY,2,316,347,14,1.0,thời điểm khởi phát triệu chứng
40.txt,Triệu chứng hiện tại,CURRENT_SYMPTOMS,CURRENT_HISTORY,2,380,400,15,1.0,triệu chứng hiện tại
40.txt,Đặc điểm triệu chứng,SYMPTOM_DETAIL,CURRENT_HISTORY,2,641,661,24,1.0,đặc điểm triệu chứng
40.txt,Sự kiện trước khi nhập viện,PRE_ADMISSION_EVENTS,CURRENT_HISTORY,2,1078,1105,34,1.0,sự kiện trước khi nhập viện
40.txt,Đánh giá tại bệnh viện,HOSPITAL_ASSESSMENT,,1,1480,1502,41,1.0,đánh giá tại bệnh viện
40.txt,Kết quả xét nghiệm,LAB_RESULT_SECTION,HOSPITAL_ASSESSMENT,2,1507,1525,42,1.0,kết quả xét nghiệm
40.txt,Kết quả chẩn đoán hình ảnh,IMAGING_RESULT_SECTION,HOSPITAL_ASSESSMENT,2,1660,1686,46,1.0,kết quả chẩn đoán hình ảnh
41.txt,Tiền sử bệnh,PAST_HISTORY,,1,4,16,1,1.0,tiền sử bệnh
41.txt,Bệnh lý mãn tính,CHRONIC_DISEASES,PAST_HISTORY,2,208,224,6,1.0,bệnh lý mãn tính
41.txt,Tiền sử phẫu thuật / thủ thuật,PAST_HISTORY,,1,316,346,7,1.0,tiền sử phẫu thuật / thủ thuật
41.txt,Thuốc trước khi nhập viện,MEDICATION_HISTORY,PAST_HISTORY,2,598,623,11,1.0,thuốc trước khi nhập viện
41.txt,Tiền sử bệnh hiện tại,CURRENT_HISTORY,,1,683,704,13,1.0,tiền sử bệnh hiện tại
41.txt,Lý do nhập viện,ADMISSION_REASON,CURRENT_HISTORY,2,709,724,14,1.0,lý do nhập viện
41.txt,Thời điểm khởi phát triệu chứng,ADMISSION_REASON,CURRENT_HISTORY,2,741,772,15,1.0,thời điểm khởi phát triệu chứng
41.txt,Diễn biến bệnh,SYMPTOM_DETAIL,CURRENT_HISTORY,2,1184,1198,22,1.0,diễn biến bệnh
41.txt,Triệu chứng khi nhập viện,CURRENT_SYMPTOMS,CURRENT_HISTORY,2,1862,1887,29,1.0,triệu chứng khi nhập viện
41.txt,Các sự kiện trước khi nhập viện,PRE_ADMISSION_EVENTS,CURRENT_HISTORY,2,1977,2008,35,1.0,các sự kiện trước khi nhập viện
41.txt,Tình trạng ngay trước khi nhập viện,IMMEDIATE_PRE_ADMISSION_STATUS,CURRENT_HISTORY,2,2610,2645,43,1.0,tình trạng ngay trước khi nhập viện
41.txt,khám  tại bệnh viện,HOSPITAL_ASSESSMENT,,1,2689,2708,45,1.0,khám tại bệnh viện
41.txt,Kết quả phòng thí nghiệm,LAB_RESULT_SECTION,HOSPITAL_ASSESSMENT,2,2713,2737,46,1.0,kết quả phòng thí nghiệm
41.txt,Các thủ thuật đã thực hiện,PROCEDURE_SECTION,HOSPITAL_ASSESSMENT,2,2892,2918,49,1.0,các thủ thuật đã thực hiện
41.txt,Các phát hiện chẩn đoán khác,DIAGNOSTIC_FINDINGS,HOSPITAL_ASSESSMENT,2,3145,3173,53,1.0,các phát hiện chẩn đoán khác
42.txt,Tiền sử bệnh nội khoa,PAST_HISTORY,,1,4,25,1,1.0,tiền sử bệnh nội khoa
42.txt,Các bệnh mãn tính,CHRONIC_DISEASES,PAST_HISTORY,2,30,47,2,1.0,các bệnh mãn tính
42.txt,Thuốc trước khi nhập viện lần này,MEDICATION_HISTORY,PAST_HISTORY,2,117,150,3,1.0,thuốc trước khi nhập viện lần này
42.txt,Tiền sử bệnh hiện tại,CURRENT_HISTORY,,1,177,198,5,1.0,tiền sử bệnh hiện tại
42.txt,Lý do nhập viện,ADMISSION_REASON,CURRENT_HISTORY,2,203,218,6,1.0,lý do nhập viện
42.txt,Các triệu chứng hiện tại,CURRENT_SYMPTOMS,CURRENT_HISTORY,2,290,314,7,1.0,các triệu chứng hiện tại
42.txt,Đặc điểm triệu chứng,SYMPTOM_DETAIL,CURRENT_HISTORY,2,417,437,13,1.0,đặc điểm triệu chứng
42.txt,Các sự kiện trước khi nhập viện,PRE_ADMISSION_EVENTS,CURRENT_HISTORY,2,579,610,17,1.0,các sự kiện trước khi nhập viện
42.txt,Tình trạng ngay trước khi nhập viện,IMMEDIATE_PRE_ADMISSION_STATUS,CURRENT_HISTORY,2,671,706,18,1.0,tình trạng ngay trước khi nhập viện
42.txt,Đánh giá tại bệnh viện,HOSPITAL_ASSESSMENT,,1,903,925,25,1.0,đánh giá tại bệnh viện
43.txt,Tiền sử bệnh nội khoa,PAST_HISTORY,,1,4,25,1,1.0,tiền sử bệnh nội khoa
43.txt,Tiền sử phẫu thuật / thủ thuật,PAST_HISTORY,,1,30,60,2,1.0,tiền sử phẫu thuật / thủ thuật
43.txt,Tiền sử bệnh hiện tại,CURRENT_HISTORY,,1,141,162,4,1.0,tiền sử bệnh hiện tại
43.txt,Thời điểm khởi phát triệu chứng,ADMISSION_REASON,CURRENT_HISTORY,2,167,198,5,1.0,thời điểm khởi phát triệu chứng
43.txt,Triệu chứng hiện tại,CURRENT_SYMPTOMS,CURRENT_HISTORY,2,245,265,6,1.0,triệu chứng hiện tại
43.txt,Các sự kiện trước khi nhập viện,PRE_ADMISSION_EVENTS,CURRENT_HISTORY,2,335,366,7,1.0,các sự kiện trước khi nhập viện
43.txt,Đánh giá tại bệnh viện,HOSPITAL_ASSESSMENT,,1,1131,1153,21,1.0,đánh giá tại bệnh viện
43.txt,Kết quả chẩn đoán hình ảnh,IMAGING_RESULT_SECTION,HOSPITAL_ASSESSMENT,2,1158,1184,22,1.0,kết quả chẩn đoán hình ảnh
43.txt,Thủ thuật đã thực hiện,PROCEDURE_SECTION,HOSPITAL_ASSESSMENT,2,1333,1355,25,1.0,thủ thuật đã thực hiện
43.txt,Các kết quả chẩn đoán khác,DIAGNOSTIC_FINDINGS,HOSPITAL_ASSESSMENT,2,1390,1416,28,1.0,các kết quả chẩn đoán khác
44.txt,Tiền sử bệnh,PAST_HISTORY,,1,3,15,1,1.0,tiền sử bệnh
44.txt,Các bệnh lý mạn tính,CHRONIC_DISEASES,PAST_HISTORY,2,16,36,2,1.0,các bệnh lý mạn tính
44.txt,Bệnh sử hiện tại,CURRENT_HISTORY,,1,104,120,8,1.0,bệnh sử hiện tại
44.txt,Lý do nhập viện,ADMISSION_REASON,CURRENT_HISTORY,2,121,136,9,1.0,lý do nhập viện
44.txt,Thời điểm khởi phát triệu chứng,ADMISSION_REASON,CURRENT_HISTORY,2,178,209,13,1.0,thời điểm khởi phát triệu chứng
44.txt,Diễn biến bệnh,SYMPTOM_DETAIL,CURRENT_HISTORY,2,230,244,14,1.0,diễn biến bệnh
44.txt,Triệu chứng khi nhập viện,CURRENT_SYMPTOMS,CURRENT_HISTORY,2,432,457,20,1.0,triệu chứng khi nhập viện
44.txt,Đặc điểm triệu chứng,SYMPTOM_DETAIL,CURRENT_HISTORY,2,667,687,30,1.0,đặc điểm triệu chứng
44.txt,Sự kiện trước khi nhập viện,PRE_ADMISSION_EVENTS,CURRENT_HISTORY,2,1379,1406,55,1.0,sự kiện trước khi nhập viện
44.txt,Đánh giá tại bệnh viện,HOSPITAL_ASSESSMENT,,1,1631,1653,59,1.0,đánh giá tại bệnh viện
44.txt,Các thủ thuật đã thực hiện,PROCEDURE_SECTION,HOSPITAL_ASSESSMENT,2,1654,1680,60,1.0,các thủ thuật đã thực hiện
44.txt,Các phát hiện chẩn đoán khác,DIAGNOSTIC_FINDINGS,HOSPITAL_ASSESSMENT,2,1823,1851,68,1.0,các phát hiện chẩn đoán khác
45.txt,Tiền sử bệnh,PAST_HISTORY,,1,4,16,1,1.0,tiền sử bệnh
45.txt,Các bệnh lý mãn tính,CHRONIC_DISEASES,PAST_HISTORY,2,21,41,2,1.0,các bệnh lý mãn tính
45.txt,Tiền sử phẫu thuật / thủ thuật,PAST_HISTORY,,1,87,117,5,1.0,tiền sử phẫu thuật / thủ thuật
45.txt,Các yếu tố nguy cơ liên quan,RISK_FACTORS,PAST_HISTORY,2,174,202,6,1.0,các yếu tố nguy cơ liên quan
45.txt,Tiền sử bệnh hiện tại,CURRENT_HISTORY,,1,249,270,10,1.0,tiền sử bệnh hiện tại
45.txt,Lý do nhập viện,ADMISSION_REASON,CURRENT_HISTORY,2,275,290,11,1.0,lý do nhập viện
45.txt,Triệu chứng hiện tại,CURRENT_SYMPTOMS,CURRENT_HISTORY,2,316,336,12,1.0,triệu chứng hiện tại
45.txt,Các sự kiện trước khi nhập viện,PRE_ADMISSION_EVENTS,CURRENT_HISTORY,2,402,433,13,1.0,các sự kiện trước khi nhập viện
45.txt,Đánh giá tại bệnh viện,HOSPITAL_ASSESSMENT,,1,820,842,18,1.0,đánh giá tại bệnh viện
45.txt,Kết quả chẩn đoán hình ảnh,IMAGING_RESULT_SECTION,HOSPITAL_ASSESSMENT,2,847,873,19,1.0,kết quả chẩn đoán hình ảnh
46.txt,Tiền sử bệnh,PAST_HISTORY,,1,4,16,1,1.0,tiền sử bệnh
46.txt,Bệnh lý mãn tính,CHRONIC_DISEASES,PAST_HISTORY,2,21,37,2,1.0,bệnh lý mãn tính
46.txt,Tiền sử phẫu thuật / thủ thuật,PAST_HISTORY,,1,77,107,3,1.0,tiền sử phẫu thuật / thủ thuật
46.txt,Tiền sử bệnh hiện tại,CURRENT_HISTORY,,1,147,168,5,1.0,tiền sử bệnh hiện tại
46.txt,Triệu chứng hiện tại,CURRENT_SYMPTOMS,CURRENT_HISTORY,2,173,193,6,1.0,triệu chứng hiện tại
46.txt,Sự kiện trước khi nhập viện,PRE_ADMISSION_EVENTS,CURRENT_HISTORY,2,314,341,10,1.0,sự kiện trước khi nhập viện
46.txt,Đánh giá tại bệnh viện,HOSPITAL_ASSESSMENT,,1,432,454,12,1.0,đánh giá tại bệnh viện
46.txt,Kết quả chẩn đoán hình ảnh,IMAGING_RESULT_SECTION,HOSPITAL_ASSESSMENT,2,459,485,13,1.0,kết quả chẩn đoán hình ảnh
46.txt,Thủ thuật thực hiện,PROCEDURE_SECTION,HOSPITAL_ASSESSMENT,2,560,579,14,1.0,thủ thuật thực hiện
47.txt,Tiền sử bệnh nội khoa,PAST_HISTORY,,1,4,25,1,1.0,tiền sử bệnh nội khoa
47.txt,Tiền sử phẫu thuật / thủ thuật,PAST_HISTORY,,1,30,60,2,1.0,tiền sử phẫu thuật / thủ thuật
47.txt,Tiền sử bệnh hiện tại,CURRENT_HISTORY,,1,288,309,4,1.0,tiền sử bệnh hiện tại
47.txt,Lý do nhập viện,ADMISSION_REASON,CURRENT_HISTORY,2,314,329,5,1.0,lý do nhập viện
47.txt,Diễn biến bệnh,SYMPTOM_DETAIL,CURRENT_HISTORY,2,381,395,6,1.0,diễn biến bệnh
47.txt,Sự kiện trước khi nhập viện,PRE_ADMISSION_EVENTS,CURRENT_HISTORY,2,1654,1681,19,1.0,sự kiện trước khi nhập viện
47.txt,Đánh giá tại bệnh viện,HOSPITAL_ASSESSMENT,,1,2520,2542,29,1.0,đánh giá tại bệnh viện
47.txt,Dấu hiệu lâm sàng,CURRENT_SYMPTOMS,HOSPITAL_ASSESSMENT,2,2547,2564,30,1.0,dấu hiệu lâm sàng
47.txt,Kết quả phòng thí nghiệm,LAB_RESULT_SECTION,HOSPITAL_ASSESSMENT,2,2644,2668,31,1.0,kết quả phòng thí nghiệm
47.txt,Kết quả chẩn đoán hình ảnh,IMAGING_RESULT_SECTION,HOSPITAL_ASSESSMENT,2,2777,2803,32,1.0,kết quả chẩn đoán hình ảnh
47.txt,Thủ thuật thực hiện,PROCEDURE_SECTION,HOSPITAL_ASSESSMENT,2,2931,2950,33,1.0,thủ thuật thực hiện
48.txt,Tiền sử bệnh,PAST_HISTORY,,1,4,16,1,1.0,tiền sử bệnh
48.txt,Tiền sử bệnh hiện tại,CURRENT_HISTORY,,1,80,101,4,1.0,tiền sử bệnh hiện tại
48.txt,Lý do nhập viện,ADMISSION_REASON,CURRENT_HISTORY,2,106,121,5,1.0,lý do nhập viện
48.txt,Thời điểm khởi phát triệu chứng,ADMISSION_REASON,CURRENT_HISTORY,2,146,177,6,1.0,thời điểm khởi phát triệu chứng
48.txt,Diễn biến bệnh,SYMPTOM_DETAIL,CURRENT_HISTORY,2,191,205,7,1.0,diễn biến bệnh
48.txt,Triệu chứng khi nhập viện,CURRENT_SYMPTOMS,CURRENT_HISTORY,2,1277,1302,22,1.0,triệu chứng khi nhập viện
48.txt,Đặc điểm triệu chứng,SYMPTOM_DETAIL,CURRENT_HISTORY,2,1650,1670,35,1.0,đặc điểm triệu chứng
48.txt,Các sự kiện trước khi nhập viện,PRE_ADMISSION_EVENTS,CURRENT_HISTORY,2,2244,2275,44,1.0,các sự kiện trước khi nhập viện
48.txt,Đánh giá tại bệnh viện,HOSPITAL_ASSESSMENT,,1,2648,2670,51,1.0,đánh giá tại bệnh viện
48.txt,Kết quả chụp ảnh,IMAGING_RESULT_SECTION,HOSPITAL_ASSESSMENT,2,2675,2691,52,1.0,kết quả chụp ảnh
49.txt,Lý do nhập viện,ADMISSION_REASON,CURRENT_HISTORY,2,0,15,1,1.0,lý do nhập viện
49.txt,Bệnh sử hiện tại,CURRENT_HISTORY,,1,19,35,2,1.0,bệnh sử hiện tại
49.txt,Lý do nhập viện,ADMISSION_REASON,CURRENT_HISTORY,2,36,51,3,1.0,lý do nhập viện
49.txt,Triệu chứng hiện tại,CURRENT_SYMPTOMS,CURRENT_HISTORY,2,579,599,8,1.0,triệu chứng hiện tại
49.txt,Các diễn biến  trước khi nhập viện,PRE_ADMISSION_EVENTS,CURRENT_HISTORY,2,789,823,14,1.0,các diễn biến trước khi nhập viện
50.txt,Tiền sử bệnh,PAST_HISTORY,,1,4,16,1,1.0,tiền sử bệnh
50.txt,Thuốc trước khi nhập viện,MEDICATION_HISTORY,PAST_HISTORY,2,127,152,4,1.0,thuốc trước khi nhập viện
50.txt,Tiền sử bệnh hiện tại,CURRENT_HISTORY,,1,203,224,7,1.0,tiền sử bệnh hiện tại
50.txt,Lý do nhập viện,ADMISSION_REASON,CURRENT_HISTORY,2,229,244,8,1.0,lý do nhập viện
50.txt,Thời điểm khởi phát triệu chứng,ADMISSION_REASON,CURRENT_HISTORY,2,271,302,9,1.0,thời điểm khởi phát triệu chứng
50.txt,Diễn biến bệnh,SYMPTOM_DETAIL,CURRENT_HISTORY,2,445,459,13,1.0,diễn biến bệnh
50.txt,Triệu chứng khi nhập viện,CURRENT_SYMPTOMS,CURRENT_HISTORY,2,1224,1249,19,1.0,triệu chứng khi nhập viện
50.txt,Các sự kiện trước khi nhập viện,PRE_ADMISSION_EVENTS,CURRENT_HISTORY,2,1338,1369,27,1.0,các sự kiện trước khi nhập viện
50.txt,Tình trạng ngay trước khi nhập viện,IMMEDIATE_PRE_ADMISSION_STATUS,CURRENT_HISTORY,2,1636,1671,33,1.0,tình trạng ngay trước khi nhập viện
50.txt,Đánh giá tại bệnh viện,HOSPITAL_ASSESSMENT,,1,1744,1766,37,1.0,đánh giá tại bệnh viện
50.txt,Kết quả chẩn đoán hình ảnh,IMAGING_RESULT_SECTION,HOSPITAL_ASSESSMENT,2,1771,1797,38,1.0,kết quả chẩn đoán hình ảnh
50.txt,Các thủ thuật đã thực hiện,PROCEDURE_SECTION,HOSPITAL_ASSESSMENT,2,1877,1903,39,1.0,các thủ thuật đã thực hiện
51.txt,Tiền sử bệnh nội khoa,PAST_HISTORY,,1,4,25,1,1.0,tiền sử bệnh nội khoa
51.txt,Các bệnh lý mạn tính,CHRONIC_DISEASES,PAST_HISTORY,2,30,50,2,1.0,các bệnh lý mạn tính
51.txt,Tiền sử bệnh hiện tại,CURRENT_HISTORY,,1,104,125,6,1.0,tiền sử bệnh hiện tại
51.txt,Thời điểm khởi phát triệu chứng,ADMISSION_REASON,CURRENT_HISTORY,2,130,161,7,1.0,thời điểm khởi phát triệu chứng
51.txt,Triệu chứng hiện tại,CURRENT_SYMPTOMS,CURRENT_HISTORY,2,178,198,8,1.0,triệu chứng hiện tại
51.txt,Đặc điểm triệu chứng,SYMPTOM_DETAIL,CURRENT_HISTORY,2,312,332,14,1.0,đặc điểm triệu chứng
51.txt,Sự kiện trước khi nhập viện,PRE_ADMISSION_EVENTS,CURRENT_HISTORY,2,488,515,17,1.0,sự kiện trước khi nhập viện
51.txt,Đánh giá tại bệnh viện,HOSPITAL_ASSESSMENT,,1,822,844,25,1.0,đánh giá tại bệnh viện
51.txt,Kết quả xét nghiệm,LAB_RESULT_SECTION,HOSPITAL_ASSESSMENT,2,1007,1025,29,1.0,kết quả xét nghiệm
51.txt,Thủ thuật đã thực hiện,PROCEDURE_SECTION,HOSPITAL_ASSESSMENT,2,1102,1124,33,1.0,thủ thuật đã thực hiện
51.txt,Các phát hiện chẩn đoán khác,DIAGNOSTIC_FINDINGS,HOSPITAL_ASSESSMENT,2,1173,1201,36,1.0,các phát hiện chẩn đoán khác
52.txt,Tiền sử bệnh nội khoa,PAST_HISTORY,,1,4,25,1,1.0,tiền sử bệnh nội khoa
52.txt,Tiền sử phẫu thuật / thủ thuật,PAST_HISTORY,,1,30,60,2,1.0,tiền sử phẫu thuật / thủ thuật
52.txt,Tiền sử bệnh hiện tại,CURRENT_HISTORY,,1,292,313,8,1.0,tiền sử bệnh hiện tại
52.txt,Thời điểm khởi phát triệu chứng,ADMISSION_REASON,CURRENT_HISTORY,2,318,349,9,1.0,thời điểm khởi phát triệu chứng
52.txt,Triệu chứng hiện tại,CURRENT_SYMPTOMS,CURRENT_HISTORY,2,379,399,10,1.0,triệu chứng hiện tại
52.txt,Các sự kiện trước khi nhập viện,PRE_ADMISSION_EVENTS,CURRENT_HISTORY,2,434,465,11,1.0,các sự kiện trước khi nhập viện
52.txt,Đánh giá tại bệnh viện,HOSPITAL_ASSESSMENT,,1,733,755,16,1.0,đánh giá tại bệnh viện
53.txt,Tiền sử bệnh,PAST_HISTORY,,1,4,16,1,1.0,tiền sử bệnh
53.txt,Bệnh lý mãn tính,CHRONIC_DISEASES,PAST_HISTORY,2,108,124,3,1.0,bệnh lý mãn tính
53.txt,Tiền sử phẫu thuật / thủ thuật,PAST_HISTORY,,1,315,345,8,1.0,tiền sử phẫu thuật / thủ thuật
53.txt,Tiền sử bệnh bệnh hiện tại,CURRENT_HISTORY,,1,395,421,10,1.0,tiền sử bệnh bệnh hiện tại
53.txt,Lý do nhập viện,ADMISSION_REASON,CURRENT_HISTORY,2,426,441,11,1.0,lý do nhập viện
53.txt,Thời điểm khởi phát triệu chứng,ADMISSION_REASON,CURRENT_HISTORY,2,480,511,12,1.0,thời điểm khởi phát triệu chứng
53.txt,Triệu chứng hiện tại,CURRENT_SYMPTOMS,CURRENT_HISTORY,2,595,615,15,1.0,triệu chứng hiện tại
53.txt,Đặc điểm triệu chứng,SYMPTOM_DETAIL,CURRENT_HISTORY,2,691,711,18,1.0,đặc điểm triệu chứng
53.txt,Sự kiện trước khi nhập viện,PRE_ADMISSION_EVENTS,CURRENT_HISTORY,2,964,991,26,1.0,sự kiện trước khi nhập viện
53.txt,Đánh giá tại bệnh viện,HOSPITAL_ASSESSMENT,,1,1109,1131,30,1.0,đánh giá tại bệnh viện
53.txt,Các phát hiện chẩn đoán khác,DIAGNOSTIC_FINDINGS,HOSPITAL_ASSESSMENT,2,1136,1164,31,1.0,các phát hiện chẩn đoán khác
54.txt,Tiền sử bệnh,PAST_HISTORY,,1,3,15,1,1.0,tiền sử bệnh
54.txt,Các bệnh lý mạn tính,CHRONIC_DISEASES,PAST_HISTORY,2,16,36,2,1.0,các bệnh lý mạn tính
54.txt,Tiền sử phẫu thuật / thủ thuật,PAST_HISTORY,,1,151,181,6,1.0,tiền sử phẫu thuật / thủ thuật
54.txt,Thuốc trước khi nhập viện lần này,MEDICATION_HISTORY,PAST_HISTORY,2,262,295,11,1.0,thuốc trước khi nhập viện lần này
54.txt,Bệnh sử hiện tại,CURRENT_HISTORY,,1,363,379,17,1.0,bệnh sử hiện tại
54.txt,Lý do nhập viện,ADMISSION_REASON,CURRENT_HISTORY,2,380,395,18,1.0,lý do nhập viện
54.txt,Diễn biến bệnh,SYMPTOM_DETAIL,CURRENT_HISTORY,2,428,442,19,1.0,diễn biến bệnh
54.txt,Triệu chứng khi nhập viện,CURRENT_SYMPTOMS,CURRENT_HISTORY,2,1605,1630,38,1.0,triệu chứng khi nhập viện
54.txt,Các sự kiện trước khi nhập viện,PRE_ADMISSION_EVENTS,CURRENT_HISTORY,2,1877,1908,46,1.0,các sự kiện trước khi nhập viện
54.txt,xét nghiệm,LAB_RESULT_SECTION,CURRENT_HISTORY,2,1911,1921,47,1.0,xét nghiệm
54.txt,Tình trạng ngay trước khi nhập viện,IMMEDIATE_PRE_ADMISSION_STATUS,CURRENT_HISTORY,2,2028,2063,50,1.0,tình trạng ngay trước khi nhập viện
54.txt,Đánh giá tại bệnh viện,HOSPITAL_ASSESSMENT,,1,2167,2189,54,1.0,đánh giá tại bệnh viện
54.txt,Kết quả xét nghiệm,LAB_RESULT_SECTION,HOSPITAL_ASSESSMENT,2,2535,2553,61,1.0,kết quả xét nghiệm
54.txt,Kết quả chẩn đoán hình ảnh,IMAGING_RESULT_SECTION,HOSPITAL_ASSESSMENT,2,2693,2719,66,1.0,kết quả chẩn đoán hình ảnh
54.txt,Các thủ thuật đã thực hiện,PROCEDURE_SECTION,HOSPITAL_ASSESSMENT,2,2770,2796,67,1.0,các thủ thuật đã thực hiện
54.txt,Các phát hiện chẩn đoán khác,DIAGNOSTIC_FINDINGS,HOSPITAL_ASSESSMENT,2,2846,2874,70,1.0,các phát hiện chẩn đoán khác
55.txt,Lịch sử bệnh hiện tại,CURRENT_HISTORY,,1,3,24,1,1.0,lịch sử bệnh hiện tại
55.txt,Lý do nhập viện,ADMISSION_REASON,CURRENT_HISTORY,2,25,40,2,1.0,lý do nhập viện
55.txt,Triệu chứng hiện tại,CURRENT_SYMPTOMS,CURRENT_HISTORY,2,64,84,3,1.0,triệu chứng hiện tại
55.txt,Đánh giá tại bệnh viện,HOSPITAL_ASSESSMENT,,1,114,136,7,1.0,đánh giá tại bệnh viện
56.txt,Các bệnh lý mãn tính,CHRONIC_DISEASES,PAST_HISTORY,2,0,20,1,1.0,các bệnh lý mãn tính
56.txt,Tiền sử bệnh bệnh hiện tại,CURRENT_HISTORY,,1,128,154,5,1.0,tiền sử bệnh bệnh hiện tại
56.txt,Lý do nhập viện,ADMISSION_REASON,CURRENT_HISTORY,2,155,170,6,1.0,lý do nhập viện
56.txt,Thời điểm khởi phát triệu chứng,ADMISSION_REASON,CURRENT_HISTORY,2,203,234,7,1.0,thời điểm khởi phát triệu chứng
56.txt,Các triệu chứng hiện tại,CURRENT_SYMPTOMS,CURRENT_HISTORY,2,267,291,8,1.0,các triệu chứng hiện tại
56.txt,Đặc điểm triệu chứng,SYMPTOM_DETAIL,CURRENT_HISTORY,2,367,387,13,1.0,đặc điểm triệu chứng
56.txt,Các sự kiện trước khi nhập viện,PRE_ADMISSION_EVENTS,CURRENT_HISTORY,2,667,698,22,1.0,các sự kiện trước khi nhập viện
56.txt,Đánh giá tại bệnh viện,HOSPITAL_ASSESSMENT,,1,735,757,24,1.0,đánh giá tại bệnh viện
56.txt,Các thủ thuật đã thực hiện,PROCEDURE_SECTION,HOSPITAL_ASSESSMENT,2,1126,1152,29,1.0,các thủ thuật đã thực hiện
56.txt,Các phát hiện chẩn đoán khác,DIAGNOSTIC_FINDINGS,HOSPITAL_ASSESSMENT,2,1211,1239,30,1.0,các phát hiện chẩn đoán khác
57.txt,Tiền sử bệnh nội khoa,PAST_HISTORY,,1,4,25,1,1.0,tiền sử bệnh nội khoa
57.txt,Tiền sử bệnh hiện tại,CURRENT_HISTORY,,1,31,52,3,1.0,tiền sử bệnh hiện tại
57.txt,Lý do nhập viện,ADMISSION_REASON,CURRENT_HISTORY,2,57,72,4,1.0,lý do nhập viện
57.txt,Thời điểm khởi phát triệu chứng,ADMISSION_REASON,CURRENT_HISTORY,2,120,151,5,1.0,thời điểm khởi phát triệu chứng
57.txt,Triệu chứng hiện tại,CURRENT_SYMPTOMS,CURRENT_HISTORY,2,165,185,6,1.0,triệu chứng hiện tại
57.txt,Đánh giá tại bệnh viện,HOSPITAL_ASSESSMENT,,1,234,256,8,1.0,đánh giá tại bệnh viện
57.txt,Kết quả chụp ảnh,IMAGING_RESULT_SECTION,HOSPITAL_ASSESSMENT,2,261,277,9,1.0,kết quả chụp ảnh
58.txt,Tiền sử bệnh,PAST_HISTORY,,1,4,16,1,1.0,tiền sử bệnh
58.txt,Các bệnh lý mạn tính,CHRONIC_DISEASES,PAST_HISTORY,2,21,41,2,1.0,các bệnh lý mạn tính
58.txt,Tiền sử bệnh hiện tại,CURRENT_HISTORY,,1,102,123,6,1.0,tiền sử bệnh hiện tại
58.txt,Lý do nhập viện,ADMISSION_REASON,CURRENT_HISTORY,2,128,143,7,1.0,lý do nhập viện
58.txt,Thời điểm khởi phát triệu chứng,ADMISSION_REASON,CURRENT_HISTORY,2,236,267,11,1.0,thời điểm khởi phát triệu chứng
58.txt,Diễn biến bệnh,SYMPTOM_DETAIL,CURRENT_HISTORY,2,356,370,14,1.0,diễn biến bệnh
58.txt,Triệu chứng khi nhập viện,CURRENT_SYMPTOMS,CURRENT_HISTORY,2,1346,1371,30,1.0,triệu chứng khi nhập viện
58.txt,Đặc điểm triệu chứng,SYMPTOM_DETAIL,CURRENT_HISTORY,2,1478,1498,35,1.0,đặc điểm triệu chứng
58.txt,Các sự kiện trước khi nhập viện,PRE_ADMISSION_EVENTS,CURRENT_HISTORY,2,1784,1815,44,1.0,các sự kiện trước khi nhập viện
58.txt,Tình trạng ngay trước khi nhập viện,IMMEDIATE_PRE_ADMISSION_STATUS,CURRENT_HISTORY,2,2224,2259,53,1.0,tình trạng ngay trước khi nhập viện
58.txt,Đánh giá tại bệnh viện,HOSPITAL_ASSESSMENT,,1,2428,2450,59,1.0,đánh giá tại bệnh viện
58.txt,Dấu hiệu lâm sàng,CURRENT_SYMPTOMS,HOSPITAL_ASSESSMENT,2,2455,2472,60,1.0,dấu hiệu lâm sàng
58.txt,Kết quả xét nghiệm,LAB_RESULT_SECTION,HOSPITAL_ASSESSMENT,2,2712,2730,69,1.0,kết quả xét nghiệm
58.txt,Chẩn đoán hình ảnh,IMAGING_RESULT_SECTION,HOSPITAL_ASSESSMENT,2,2737,2755,70,1.0,chẩn đoán hình ảnh
58.txt,Các thủ thuật đã thực hiện,PROCEDURE_SECTION,HOSPITAL_ASSESSMENT,2,2829,2855,73,1.0,các thủ thuật đã thực hiện
59.txt,Tiền sử bệnh,PAST_HISTORY,,1,4,16,1,1.0,tiền sử bệnh
59.txt,Bệnh lý mãn tính,CHRONIC_DISEASES,PAST_HISTORY,2,370,386,7,1.0,bệnh lý mãn tính
59.txt,Tiền sử phẫu thuật / thủ thuật,PAST_HISTORY,,1,429,459,8,1.0,tiền sử phẫu thuật / thủ thuật
59.txt,Tiền sử bệnh hiện tại,CURRENT_HISTORY,,1,660,681,12,1.0,tiền sử bệnh hiện tại
59.txt,Lý do nhập viện,ADMISSION_REASON,CURRENT_HISTORY,2,686,701,13,1.0,lý do nhập viện
59.txt,Thời điểm khởi phát triệu chứng,ADMISSION_REASON,CURRENT_HISTORY,2,739,770,14,1.0,thời điểm khởi phát triệu chứng
59.txt,Diễn biến bệnh,SYMPTOM_DETAIL,CURRENT_HISTORY,2,812,826,15,1.0,diễn biến bệnh
59.txt,Triệu chứng hiện tại,CURRENT_SYMPTOMS,CURRENT_HISTORY,2,1384,1404,22,1.0,triệu chứng hiện tại
59.txt,Đặc điểm triệu chứng,SYMPTOM_DETAIL,CURRENT_HISTORY,2,1516,1536,26,1.0,đặc điểm triệu chứng
59.txt,Sự kiện trước khi nhập viện,PRE_ADMISSION_EVENTS,CURRENT_HISTORY,2,1637,1664,29,1.0,sự kiện trước khi nhập viện
59.txt,Đánh giá tại bệnh viện,HOSPITAL_ASSESSMENT,,1,1826,1848,32,1.0,đánh giá tại bệnh viện
59.txt,Dấu hiệu lâm sàng,CURRENT_SYMPTOMS,HOSPITAL_ASSESSMENT,2,1853,1870,33,1.0,dấu hiệu lâm sàng
59.txt,Các phát hiện chẩn đoán khác,DIAGNOSTIC_FINDINGS,HOSPITAL_ASSESSMENT,2,1952,1980,34,1.0,các phát hiện chẩn đoán khác
60.txt,Tiền sử bệnh nội khoa,PAST_HISTORY,,1,4,25,1,1.0,tiền sử bệnh nội khoa
60.txt,Tiền sử phẫu thuật / thủ thuật,PAST_HISTORY,,1,30,60,2,1.0,tiền sử phẫu thuật / thủ thuật
60.txt,Tiền sử bệnh hiện tại,CURRENT_HISTORY,,1,106,127,4,1.0,tiền sử bệnh hiện tại
60.txt,Lý do nhập viện,ADMISSION_REASON,CURRENT_HISTORY,2,132,147,5,1.0,lý do nhập viện
60.txt,Triệu chứng hiện tại,CURRENT_SYMPTOMS,CURRENT_HISTORY,2,501,521,7,1.0,triệu chứng hiện tại
60.txt,Đánh giá tại bệnh viện,HOSPITAL_ASSESSMENT,,1,555,577,9,1.0,đánh giá tại bệnh viện
60.txt,Kết quả Chẩn đoán hình ảnh,IMAGING_RESULT_SECTION,HOSPITAL_ASSESSMENT,2,582,608,10,1.0,kết quả chẩn đoán hình ảnh
61.txt,Tiền sử bệnh,PAST_HISTORY,,1,4,16,1,1.0,tiền sử bệnh
61.txt,Tiền sử bệnh hiện tại,CURRENT_HISTORY,,1,147,168,3,1.0,tiền sử bệnh hiện tại
61.txt,Lý do nhập viện,ADMISSION_REASON,CURRENT_HISTORY,2,173,188,4,1.0,lý do nhập viện
61.txt,Thời điểm khởi phát triệu chứng,ADMISSION_REASON,CURRENT_HISTORY,2,223,254,5,1.0,thời điểm khởi phát triệu chứng
61.txt,Diễn biến bệnh,SYMPTOM_DETAIL,CURRENT_HISTORY,2,382,396,8,1.0,diễn biến bệnh
61.txt,Triệu chứng hiện tại,CURRENT_SYMPTOMS,CURRENT_HISTORY,2,587,607,11,1.0,triệu chứng hiện tại
61.txt,Đặc điểm triệu chứng,SYMPTOM_DETAIL,CURRENT_HISTORY,2,630,650,12,1.0,đặc điểm triệu chứng
61.txt,Đánh giá tại bệnh viện,HOSPITAL_ASSESSMENT,,1,983,1005,22,1.0,đánh giá tại bệnh viện
61.txt,Kết quả chẩn đoán hình ảnh,IMAGING_RESULT_SECTION,HOSPITAL_ASSESSMENT,2,1010,1036,23,1.0,kết quả chẩn đoán hình ảnh
62.txt,Tiền sử bệnh nội khoa,PAST_HISTORY,,1,4,25,1,1.0,tiền sử bệnh nội khoa
62.txt,Tiền sử phẫu thuật / thủ thuật,PAST_HISTORY,,1,30,60,2,1.0,tiền sử phẫu thuật / thủ thuật
62.txt,Tiền sử bệnh hiện tại,CURRENT_HISTORY,,1,162,183,6,1.0,tiền sử bệnh hiện tại
62.txt,Lý do nhập viện,ADMISSION_REASON,CURRENT_HISTORY,2,188,203,7,1.0,lý do nhập viện
62.txt,Triệu chứng hiện tại,CURRENT_SYMPTOMS,CURRENT_HISTORY,2,241,261,8,1.0,triệu chứng hiện tại
62.txt,Đánh giá tại bệnh viện,HOSPITAL_ASSESSMENT,,1,312,334,13,1.0,đánh giá tại bệnh viện
63.txt,Tiền sử bệnh nội khoa,PAST_HISTORY,,1,4,25,1,1.0,tiền sử bệnh nội khoa
63.txt,Bệnh mãn tính,CHRONIC_DISEASES,PAST_HISTORY,2,30,43,2,1.0,bệnh mãn tính
63.txt,Thuốc trước khi nhập viện,MEDICATION_HISTORY,PAST_HISTORY,2,136,161,3,1.0,thuốc trước khi nhập viện
63.txt,Tiền sử bệnh hiện tại,CURRENT_HISTORY,,1,187,208,5,1.0,tiền sử bệnh hiện tại
63.txt,Lý do nhập viện,ADMISSION_REASON,CURRENT_HISTORY,2,213,228,6,1.0,lý do nhập viện
63.txt,Thời điểm khởi phát triệu chứng,ADMISSION_REASON,CURRENT_HISTORY,2,243,274,7,1.0,thời điểm khởi phát triệu chứng
63.txt,Diễn biến bệnh,SYMPTOM_DETAIL,CURRENT_HISTORY,2,311,325,8,1.0,diễn biến bệnh
63.txt,Triệu chứng hiện tại,CURRENT_SYMPTOMS,CURRENT_HISTORY,2,716,736,16,1.0,triệu chứng hiện tại
63.txt,Đặc điểm triệu chứng,SYMPTOM_DETAIL,CURRENT_HISTORY,2,785,805,20,1.0,đặc điểm triệu chứng
63.txt,Các sự kiện trước khi nhập viện,PRE_ADMISSION_EVENTS,CURRENT_HISTORY,2,946,977,24,1.0,các sự kiện trước khi nhập viện
63.txt,Tình trạng ngay trước khi nhập viện,IMMEDIATE_PRE_ADMISSION_STATUS,CURRENT_HISTORY,2,1100,1135,29,1.0,tình trạng ngay trước khi nhập viện
63.txt,Đánh giá tại bệnh viện,HOSPITAL_ASSESSMENT,,1,1160,1182,31,1.0,đánh giá tại bệnh viện
63.txt,xét nghiệm,LAB_RESULT_SECTION,HOSPITAL_ASSESSMENT,2,1341,1351,33,1.0,xét nghiệm
63.txt,Kết quả chẩn đoán hình ảnh,IMAGING_RESULT_SECTION,HOSPITAL_ASSESSMENT,2,1422,1448,36,1.0,kết quả chẩn đoán hình ảnh
63.txt,Các kết quả chẩn đoán khác,DIAGNOSTIC_FINDINGS,HOSPITAL_ASSESSMENT,2,1610,1636,37,1.0,các kết quả chẩn đoán khác
64.txt,Tiền sử bệnh,PAST_HISTORY,,1,4,16,1,1.0,tiền sử bệnh
64.txt,Bệnh lý mãn tính,CHRONIC_DISEASES,PAST_HISTORY,2,393,409,7,1.0,bệnh lý mãn tính
64.txt,Thuốc trước khi nhập viện lần này,MEDICATION_HISTORY,PAST_HISTORY,2,547,580,10,1.0,thuốc trước khi nhập viện lần này
64.txt,Tiền sử bệnh hiện tại,CURRENT_HISTORY,,1,619,640,12,1.0,tiền sử bệnh hiện tại
64.txt,Lý do nhập viện,ADMISSION_REASON,CURRENT_HISTORY,2,645,660,13,1.0,lý do nhập viện
64.txt,Thời điểm khởi phát triệu chứng,ADMISSION_REASON,CURRENT_HISTORY,2,708,739,14,1.0,thời điểm khởi phát triệu chứng
64.txt,Triệu chứng hiện tại,CURRENT_SYMPTOMS,CURRENT_HISTORY,2,803,823,15,1.0,triệu chứng hiện tại
64.txt,Đặc điểm triệu chứng,SYMPTOM_DETAIL,CURRENT_HISTORY,2,1048,1068,23,1.0,đặc điểm triệu chứng
64.txt,Sự kiện trước khi nhập viện,PRE_ADMISSION_EVENTS,CURRENT_HISTORY,2,1220,1247,28,1.0,sự kiện trước khi nhập viện
64.txt,Đánh giá tại bệnh viện,HOSPITAL_ASSESSMENT,,1,1521,1543,36,1.0,đánh giá tại bệnh viện
64.txt,Dấu hiệu lâm sàng,CURRENT_SYMPTOMS,HOSPITAL_ASSESSMENT,2,1548,1565,37,1.0,dấu hiệu lâm sàng
64.txt,Kết quả chẩn đoán hình ảnh,IMAGING_RESULT_SECTION,HOSPITAL_ASSESSMENT,2,1619,1645,40,1.0,kết quả chẩn đoán hình ảnh
65.txt,Thuốc trước khi nhập viện,MEDICATION_HISTORY,PAST_HISTORY,2,0,25,1,1.0,thuốc trước khi nhập viện
65.txt,Bệnh sử hiện tại,CURRENT_HISTORY,,1,58,74,3,1.0,bệnh sử hiện tại
65.txt,Lý do nhập viện,ADMISSION_REASON,CURRENT_HISTORY,2,75,90,4,1.0,lý do nhập viện
65.txt,Thời điểm khởi phát triệu chứng,ADMISSION_REASON,CURRENT_HISTORY,2,133,164,5,1.0,thời điểm khởi phát triệu chứng
65.txt,Triệu chứng hiện tại,CURRENT_SYMPTOMS,CURRENT_HISTORY,2,173,193,6,1.0,triệu chứng hiện tại
65.txt,Đặc điểm triệu chứng,SYMPTOM_DETAIL,CURRENT_HISTORY,2,242,262,9,1.0,đặc điểm triệu chứng
65.txt,Các sự kiện trước khi nhập viện,PRE_ADMISSION_EVENTS,CURRENT_HISTORY,2,344,375,13,1.0,các sự kiện trước khi nhập viện
65.txt,Tình trạng ngay trước khi nhập viện,IMMEDIATE_PRE_ADMISSION_STATUS,CURRENT_HISTORY,2,429,464,16,1.0,tình trạng ngay trước khi nhập viện
65.txt,Đánh giá tại bệnh viện,HOSPITAL_ASSESSMENT,,1,562,584,20,1.0,đánh giá tại bệnh viện
65.txt,Kết quả xét nghiệm,LAB_RESULT_SECTION,HOSPITAL_ASSESSMENT,2,585,603,21,1.0,kết quả xét nghiệm
66.txt,Tiền sử bệnh nội khoa,PAST_HISTORY,,1,4,25,1,1.0,tiền sử bệnh nội khoa
66.txt,Các bệnh mãn tính,CHRONIC_DISEASES,PAST_HISTORY,2,30,47,2,1.0,các bệnh mãn tính
66.txt,Lịch sử bệnh hiện tại,CURRENT_HISTORY,,1,264,285,9,1.0,lịch sử bệnh hiện tại
66.txt,Lý do nhập viện,ADMISSION_REASON,CURRENT_HISTORY,2,290,305,10,1.0,lý do nhập viện
66.txt,Các triệu chứng hiện tại,CURRENT_SYMPTOMS,CURRENT_HISTORY,2,329,353,11,1.0,các triệu chứng hiện tại
66.txt,Các sự kiện trước khi nhập viện,PRE_ADMISSION_EVENTS,CURRENT_HISTORY,2,414,445,14,1.0,các sự kiện trước khi nhập viện
66.txt,Tình trạng ngay trước khi nhập viện,IMMEDIATE_PRE_ADMISSION_STATUS,CURRENT_HISTORY,2,601,636,18,1.0,tình trạng ngay trước khi nhập viện
66.txt,Đánh giá tại bệnh viện,HOSPITAL_ASSESSMENT,,1,745,767,23,1.0,đánh giá tại bệnh viện
66.txt,Kết quả xét nghiệm,LAB_RESULT_SECTION,HOSPITAL_ASSESSMENT,2,772,790,24,1.0,kết quả xét nghiệm
66.txt,Kết quả chẩn đoán hình ảnh,IMAGING_RESULT_SECTION,HOSPITAL_ASSESSMENT,2,1138,1164,33,1.0,kết quả chẩn đoán hình ảnh
67.txt,Tiền sử bệnh nội khoa,PAST_HISTORY,,1,4,25,1,1.0,tiền sử bệnh nội khoa
67.txt,Tiền sử bệnh hiện tại,CURRENT_HISTORY,,1,31,52,3,1.0,tiền sử bệnh hiện tại
67.txt,Lý do nhập viện,ADMISSION_REASON,CURRENT_HISTORY,2,57,72,4,1.0,lý do nhập viện
67.txt,Triệu chứng hiện tại,CURRENT_SYMPTOMS,CURRENT_HISTORY,2,134,154,5,1.0,triệu chứng hiện tại
67.txt,Các sự kiện trước khi nhập viện,PRE_ADMISSION_EVENTS,CURRENT_HISTORY,2,182,213,6,1.0,các sự kiện trước khi nhập viện
67.txt,Đánh giá tại bệnh viện,HOSPITAL_ASSESSMENT,,1,334,356,10,1.0,đánh giá tại bệnh viện
67.txt,Kết quả chẩn đoán hình ảnh,IMAGING_RESULT_SECTION,HOSPITAL_ASSESSMENT,2,361,387,11,1.0,kết quả chẩn đoán hình ảnh
67.txt,Các phát hiện chẩn đoán khác,DIAGNOSTIC_FINDINGS,HOSPITAL_ASSESSMENT,2,418,446,12,1.0,các phát hiện chẩn đoán khác
68.txt,Tiền sử bệnh nội khoa,PAST_HISTORY,,1,4,25,1,1.0,tiền sử bệnh nội khoa
68.txt,Các bệnh lý mãn tính,CHRONIC_DISEASES,PAST_HISTORY,2,30,50,2,1.0,các bệnh lý mãn tính
68.txt,Tiền sử bệnh hiện tại,CURRENT_HISTORY,,1,132,153,6,1.0,tiền sử bệnh hiện tại
68.txt,Lý do nhập viện,ADMISSION_REASON,CURRENT_HISTORY,2,158,173,7,1.0,lý do nhập viện
68.txt,Các triệu chứng hiện tại,CURRENT_SYMPTOMS,CURRENT_HISTORY,2,183,207,8,1.0,các triệu chứng hiện tại
68.txt,Đặc điểm triệu chứng,SYMPTOM_DETAIL,CURRENT_HISTORY,2,217,237,9,1.0,đặc điểm triệu chứng
68.txt,Đánh giá tại bệnh viện,HOSPITAL_ASSESSMENT,,1,275,297,11,1.0,đánh giá tại bệnh viện
69.txt,Tiền sử bệnh nội khoa,PAST_HISTORY,,1,4,25,1,1.0,tiền sử bệnh nội khoa
69.txt,Tiền sử phẫu thuật / thủ thuật,PAST_HISTORY,,1,30,60,2,1.0,tiền sử phẫu thuật / thủ thuật
69.txt,Tiền sử bệnh hiện tại,CURRENT_HISTORY,,1,183,204,6,1.0,tiền sử bệnh hiện tại
69.txt,Lý do nhập viện,ADMISSION_REASON,CURRENT_HISTORY,2,209,224,7,1.0,lý do nhập viện
69.txt,Triệu chứng hiện tại,CURRENT_SYMPTOMS,CURRENT_HISTORY,2,295,315,9,1.0,triệu chứng hiện tại
69.txt,Các sự kiện trước khi nhập viện,PRE_ADMISSION_EVENTS,CURRENT_HISTORY,2,383,414,14,1.0,các sự kiện trước khi nhập viện
69.txt,Đánh giá tại bệnh viện,HOSPITAL_ASSESSMENT,,1,544,566,18,1.0,đánh giá tại bệnh viện
69.txt,Kết quả phòng thí nghiệm,LAB_RESULT_SECTION,HOSPITAL_ASSESSMENT,2,571,595,19,1.0,kết quả phòng thí nghiệm
69.txt,Kết quả chẩn đoán hình ảnh,IMAGING_RESULT_SECTION,HOSPITAL_ASSESSMENT,2,611,637,20,1.0,kết quả chẩn đoán hình ảnh
69.txt,Thủ thuật thực hiện,PROCEDURE_SECTION,HOSPITAL_ASSESSMENT,2,723,742,22,1.0,thủ thuật thực hiện
69.txt,Các phát hiện chẩn đoán khác,DIAGNOSTIC_FINDINGS,HOSPITAL_ASSESSMENT,2,789,817,26,1.0,các phát hiện chẩn đoán khác
70.txt,Tiền sử bệnh,PAST_HISTORY,,1,3,15,1,1.0,tiền sử bệnh
70.txt,Thuốc trước khi nhập viện,MEDICATION_HISTORY,PAST_HISTORY,2,117,142,3,1.0,thuốc trước khi nhập viện
70.txt,Bệnh sử hiện tại,CURRENT_HISTORY,,1,342,358,7,1.0,bệnh sử hiện tại
70.txt,Lý do nhập viện,ADMISSION_REASON,CURRENT_HISTORY,2,359,374,8,1.0,lý do nhập viện
70.txt,Thời điểm khởi phát triệu chứng,ADMISSION_REASON,CURRENT_HISTORY,2,400,431,9,1.0,thời điểm khởi phát triệu chứng
70.txt,Diễn biến bệnh,SYMPTOM_DETAIL,CURRENT_HISTORY,2,509,523,12,1.0,diễn biến bệnh
70.txt,Diễn biến,SYMPTOM_DETAIL,CURRENT_HISTORY,2,620,629,15,1.0,diễn biến
70.txt,Các triệu chứng hiện tại,CURRENT_SYMPTOMS,CURRENT_HISTORY,2,736,760,16,1.0,các triệu chứng hiện tại
70.txt,Đặc điểm triệu chứng,SYMPTOM_DETAIL,CURRENT_HISTORY,2,921,941,24,1.0,đặc điểm triệu chứng
70.txt,Các sự kiện trước khi nhập viện,PRE_ADMISSION_EVENTS,CURRENT_HISTORY,2,1123,1154,30,1.0,các sự kiện trước khi nhập viện
70.txt,Tình trạng ngay trước khi nhập viện,IMMEDIATE_PRE_ADMISSION_STATUS,CURRENT_HISTORY,2,1702,1737,41,1.0,tình trạng ngay trước khi nhập viện
70.txt,Đánh giá tại bệnh viện,HOSPITAL_ASSESSMENT,,1,1786,1808,43,1.0,đánh giá tại bệnh viện
70.txt,Kết quả xét nghiệm,LAB_RESULT_SECTION,HOSPITAL_ASSESSMENT,2,1809,1827,44,1.0,kết quả xét nghiệm
70.txt,Kết quả chẩn đoán hình ảnh,IMAGING_RESULT_SECTION,HOSPITAL_ASSESSMENT,2,2077,2103,53,1.0,kết quả chẩn đoán hình ảnh
70.txt,Thủ thuật thực hiện,PROCEDURE_SECTION,HOSPITAL_ASSESSMENT,2,2270,2289,57,1.0,thủ thuật thực hiện
70.txt,Các phát hiện chẩn đoán khác,DIAGNOSTIC_FINDINGS,HOSPITAL_ASSESSMENT,2,2296,2324,58,1.0,các phát hiện chẩn đoán khác
71.txt,Tiền sử bệnh,PAST_HISTORY,,1,3,15,1,1.0,tiền sử bệnh
71.txt,Các bệnh lý mãn tính,CHRONIC_DISEASES,PAST_HISTORY,2,16,36,2,1.0,các bệnh lý mãn tính
71.txt,Tiền sử phẫu thuật / thủ thuật,PAST_HISTORY,,1,208,238,9,1.0,tiền sử phẫu thuật / thủ thuật
71.txt,Thuốc trước khi nhập viện,MEDICATION_HISTORY,PAST_HISTORY,2,245,270,10,1.0,thuốc trước khi nhập viện
71.txt,Bệnh sử hiện tại,CURRENT_HISTORY,,1,302,318,12,1.0,bệnh sử hiện tại
71.txt,Triệu chứng hiện tại,CURRENT_SYMPTOMS,CURRENT_HISTORY,2,319,339,13,1.0,triệu chứng hiện tại
71.txt,Các sự kiện trước khi nhập viện,PRE_ADMISSION_EVENTS,CURRENT_HISTORY,2,441,472,20,1.0,các sự kiện trước khi nhập viện
71.txt,Tình trạng ngay trước khi nhập viện,IMMEDIATE_PRE_ADMISSION_STATUS,CURRENT_HISTORY,2,550,585,23,1.0,tình trạng ngay trước khi nhập viện
71.txt,Đánh giá tại bệnh viện,HOSPITAL_ASSESSMENT,,1,672,694,28,1.0,đánh giá tại bệnh viện
71.txt,Các thủ thuật đã thực hiện,PROCEDURE_SECTION,HOSPITAL_ASSESSMENT,2,695,721,29,1.0,các thủ thuật đã thực hiện
71.txt,Các phát hiện chẩn đoán khác,DIAGNOSTIC_FINDINGS,HOSPITAL_ASSESSMENT,2,781,809,33,1.0,các phát hiện chẩn đoán khác
72.txt,Tiền sử bệnh nội khoa,PAST_HISTORY,,1,4,25,1,1.0,tiền sử bệnh nội khoa
72.txt,Tiền sử bệnh hiện tại,CURRENT_HISTORY,,1,31,52,3,1.0,tiền sử bệnh hiện tại
72.txt,Thời điểm khởi phát triệu chứng,ADMISSION_REASON,CURRENT_HISTORY,2,53,84,4,1.0,thời điểm khởi phát triệu chứng
72.txt,Các triệu chứng hiện tại,CURRENT_SYMPTOMS,CURRENT_HISTORY,2,91,115,5,1.0,các triệu chứng hiện tại
72.txt,Các sự kiện trước khi nhập viện,PRE_ADMISSION_EVENTS,CURRENT_HISTORY,2,143,174,8,1.0,các sự kiện trước khi nhập viện
72.txt,Đánh giá tại bệnh viện,HOSPITAL_ASSESSMENT,,1,782,804,18,1.0,đánh giá tại bệnh viện
72.txt,Kết quả xét nghiệm,LAB_RESULT_SECTION,HOSPITAL_ASSESSMENT,2,805,823,19,1.0,kết quả xét nghiệm
72.txt,Kết quả chẩn đoán hình ảnh,IMAGING_RESULT_SECTION,HOSPITAL_ASSESSMENT,2,984,1010,24,1.0,kết quả chẩn đoán hình ảnh
72.txt,Các thủ thuật đã thực hiện,PROCEDURE_SECTION,HOSPITAL_ASSESSMENT,2,1298,1324,28,1.0,các thủ thuật đã thực hiện
72.txt,Các phát hiện chẩn đoán khác,DIAGNOSTIC_FINDINGS,HOSPITAL_ASSESSMENT,2,1356,1384,31,1.0,các phát hiện chẩn đoán khác
73.txt,Tiền sử bệnh,PAST_HISTORY,,1,4,16,1,1.0,tiền sử bệnh
73.txt,Các bệnh lý mãn tính,CHRONIC_DISEASES,PAST_HISTORY,2,166,186,3,1.0,các bệnh lý mãn tính
73.txt,Tiền sử phẫu thuật / thủ thuật,PAST_HISTORY,,1,639,669,10,1.0,tiền sử phẫu thuật / thủ thuật
73.txt,Thuốc trước khi nhập viện lần này,MEDICATION_HISTORY,PAST_HISTORY,2,720,753,11,1.0,thuốc trước khi nhập viện lần này
73.txt,Tiền sử bệnh hiện tại,CURRENT_HISTORY,,1,1060,1081,20,1.0,tiền sử bệnh hiện tại
73.txt,Lý do nhập viện,ADMISSION_REASON,CURRENT_HISTORY,2,1086,1101,21,1.0,lý do nhập viện
73.txt,Thời điểm khởi phát triệu chứng,ADMISSION_REASON,CURRENT_HISTORY,2,1116,1147,22,1.0,thời điểm khởi phát triệu chứng
73.txt,Diễn biến bệnh,SYMPTOM_DETAIL,CURRENT_HISTORY,2,1200,1214,23,1.0,diễn biến bệnh
73.txt,Triệu chứng hiện tại,CURRENT_SYMPTOMS,CURRENT_HISTORY,2,1388,1408,26,1.0,triệu chứng hiện tại
73.txt,Các sự kiện trước khi nhập viện,PRE_ADMISSION_EVENTS,CURRENT_HISTORY,2,1423,1454,27,1.0,các sự kiện trước khi nhập viện
73.txt,Tình trạng ngay trước khi nhập viện,IMMEDIATE_PRE_ADMISSION_STATUS,CURRENT_HISTORY,2,1522,1557,28,1.0,tình trạng ngay trước khi nhập viện
73.txt,Đánh giá tại bệnh viện,HOSPITAL_ASSESSMENT,,1,1685,1707,33,1.0,đánh giá tại bệnh viện
74.txt,Tiền sử bệnh,PAST_HISTORY,,1,4,16,1,1.0,tiền sử bệnh
74.txt,Tiền sử phẫu thuật / thủ thuật,PAST_HISTORY,,1,21,51,2,1.0,tiền sử phẫu thuật / thủ thuật
74.txt,Thuốc trước khi nhập viện lần này,MEDICATION_HISTORY,PAST_HISTORY,2,125,158,3,1.0,thuốc trước khi nhập viện lần này
74.txt,Tiền sử bệnh bệnh hiện tại,CURRENT_HISTORY,,1,312,338,8,1.0,tiền sử bệnh bệnh hiện tại
74.txt,Lý do nhập viện,ADMISSION_REASON,CURRENT_HISTORY,2,343,358,9,1.0,lý do nhập viện
74.txt,Thời điểm khởi phát triệu chứng,ADMISSION_REASON,CURRENT_HISTORY,2,378,409,10,1.0,thời điểm khởi phát triệu chứng
74.txt,Diễn biến bệnh,SYMPTOM_DETAIL,CURRENT_HISTORY,2,422,436,11,1.0,diễn biến bệnh
74.txt,Triệu chứng hiện tại,CURRENT_SYMPTOMS,CURRENT_HISTORY,2,673,693,16,1.0,triệu chứng hiện tại
74.txt,Sự kiện trước khi nhập viện,PRE_ADMISSION_EVENTS,CURRENT_HISTORY,2,787,814,21,1.0,sự kiện trước khi nhập viện
74.txt,Tình trạng ngay trước khi nhập viện,IMMEDIATE_PRE_ADMISSION_STATUS,CURRENT_HISTORY,2,1033,1068,24,1.0,tình trạng ngay trước khi nhập viện
74.txt,Đánh giá tại bệnh viện,HOSPITAL_ASSESSMENT,,1,1480,1502,31,1.0,đánh giá tại bệnh viện
74.txt,Kết quả xét nghiệm,LAB_RESULT_SECTION,HOSPITAL_ASSESSMENT,2,1507,1525,32,1.0,kết quả xét nghiệm
74.txt,Kết quả chẩn đoán hình ảnh,IMAGING_RESULT_SECTION,HOSPITAL_ASSESSMENT,2,1569,1595,33,1.0,kết quả chẩn đoán hình ảnh
74.txt,Các phát hiện chẩn đoán khác,DIAGNOSTIC_FINDINGS,HOSPITAL_ASSESSMENT,2,1727,1755,34,1.0,các phát hiện chẩn đoán khác
75.txt,Tiền sử bệnh,PAST_HISTORY,,1,4,16,1,1.0,tiền sử bệnh
75.txt,Các bệnh lý mãn tính,CHRONIC_DISEASES,PAST_HISTORY,2,21,41,2,1.0,các bệnh lý mãn tính
75.txt,Tiền sử phẫu thuật / thủ thuật,PAST_HISTORY,,1,158,188,5,1.0,tiền sử phẫu thuật / thủ thuật
75.txt,bệnh sử hiện tại,CURRENT_HISTORY,,1,602,618,12,1.0,bệnh sử hiện tại
75.txt,Lý do nhập viện,ADMISSION_REASON,CURRENT_HISTORY,2,623,638,13,1.0,lý do nhập viện
75.txt,Dấu hiệu lâm sàng,CURRENT_SYMPTOMS,CURRENT_HISTORY,2,1550,1567,30,1.0,dấu hiệu lâm sàng
75.txt,Kết quả xét nghiệm,LAB_RESULT_SECTION,CURRENT_HISTORY,2,1583,1601,31,1.0,kết quả xét nghiệm
75.txt,Kết quả chẩn đoán hình ảnh,IMAGING_RESULT_SECTION,CURRENT_HISTORY,2,1624,1650,32,1.0,kết quả chẩn đoán hình ảnh
76.txt,Tiền sử bệnh,PAST_HISTORY,,1,4,16,1,1.0,tiền sử bệnh
76.txt,Các bệnh lý mãn tính,CHRONIC_DISEASES,PAST_HISTORY,2,21,41,2,1.0,các bệnh lý mãn tính
76.txt,Tiền sử phẫu thuật / thủ thuật,PAST_HISTORY,,1,138,168,7,1.0,tiền sử phẫu thuật / thủ thuật
76.txt,Tiền sử bệnh hiện tại,CURRENT_HISTORY,,1,400,421,14,1.0,tiền sử bệnh hiện tại
76.txt,Lý do nhập viện,ADMISSION_REASON,CURRENT_HISTORY,2,426,441,15,1.0,lý do nhập viện
76.txt,Kết quả xét nghiệm,LAB_RESULT_SECTION,CURRENT_HISTORY,2,1069,1087,27,1.0,kết quả xét nghiệm
76.txt,Kết quả chẩn đoán hình ảnh,IMAGING_RESULT_SECTION,CURRENT_HISTORY,2,1193,1219,32,1.0,kết quả chẩn đoán hình ảnh
77.txt,Tiền sử bệnh,PAST_HISTORY,,1,4,16,1,1.0,tiền sử bệnh
77.txt,Các bệnh mãn tính,CHRONIC_DISEASES,PAST_HISTORY,2,171,188,4,1.0,các bệnh mãn tính
77.txt,Các yếu tố nguy cơ liên quan,RISK_FACTORS,PAST_HISTORY,2,532,560,13,1.0,các yếu tố nguy cơ liên quan
77.txt,Bệnh sử hiện tại,CURRENT_HISTORY,,1,621,637,15,1.0,bệnh sử hiện tại
77.txt,Lý do nhập viện,ADMISSION_REASON,CURRENT_HISTORY,2,642,657,16,1.0,lý do nhập viện
78.txt,Tiền sử bệnh,PAST_HISTORY,,1,4,16,1,1.0,tiền sử bệnh
78.txt,Các bệnh lý mãn tính,CHRONIC_DISEASES,PAST_HISTORY,2,21,41,2,1.0,các bệnh lý mãn tính
78.txt,Bệnh sử hiện tại,CURRENT_HISTORY,,1,159,175,7,1.0,bệnh sử hiện tại
78.txt,Lý do nhập viện,ADMISSION_REASON,CURRENT_HISTORY,2,180,195,8,1.0,lý do nhập viện
78.txt,Cận lâm sàng,HOSPITAL_ASSESSMENT,,1,546,558,17,1.0,cận lâm sàng
79.txt,Tiền sử bệnh,PAST_HISTORY,,1,4,16,1,1.0,tiền sử bệnh
79.txt,Bệnh lý mãn tính,CHRONIC_DISEASES,PAST_HISTORY,2,21,37,2,1.0,bệnh lý mãn tính
79.txt,Tiền sử phẫu thuật / thủ thuật,PAST_HISTORY,,1,65,95,3,1.0,tiền sử phẫu thuật / thủ thuật
79.txt,Bệnh sử hiện tại,CURRENT_HISTORY,,1,180,196,6,1.0,bệnh sử hiện tại
79.txt,Lý do nhập viện,ADMISSION_REASON,CURRENT_HISTORY,2,201,216,7,1.0,lý do nhập viện
79.txt,Triệu chứng hiện tại,CURRENT_SYMPTOMS,CURRENT_HISTORY,2,272,292,8,1.0,triệu chứng hiện tại
80.txt,Tiền sử bệnh nội khoa,PAST_HISTORY,,1,4,25,1,1.0,tiền sử bệnh nội khoa
80.txt,Bệnh lý mãn tính,CHRONIC_DISEASES,PAST_HISTORY,2,30,46,2,1.0,bệnh lý mãn tính
80.txt,Bệnh sử  hiện tại,CURRENT_HISTORY,,1,95,112,4,1.0,bệnh sử hiện tại
80.txt,Lý do nhập viện,ADMISSION_REASON,CURRENT_HISTORY,2,117,132,5,1.0,lý do nhập viện
80.txt,Cận lâm sàng,HOSPITAL_ASSESSMENT,,1,339,351,8,1.0,cận lâm sàng
81.txt,Bệnh sử hiện tại,CURRENT_HISTORY,,1,3,19,1,1.0,bệnh sử hiện tại
81.txt,Lý do nhập viện,ADMISSION_REASON,CURRENT_HISTORY,2,20,35,2,1.0,lý do nhập viện
81.txt,Tình trạng ngay trước khi nhập viện,IMMEDIATE_PRE_ADMISSION_STATUS,CURRENT_HISTORY,2,130,165,5,1.0,tình trạng ngay trước khi nhập viện
81.txt,Đánh giá tại bệnh viện,HOSPITAL_ASSESSMENT,,1,204,226,6,1.0,đánh giá tại bệnh viện
81.txt,Kết quả chẩn đoán hình ảnh,IMAGING_RESULT_SECTION,HOSPITAL_ASSESSMENT,2,227,253,7,1.0,kết quả chẩn đoán hình ảnh
81.txt,Các thủ thuật đã thực hiện,PROCEDURE_SECTION,HOSPITAL_ASSESSMENT,2,410,436,10,1.0,các thủ thuật đã thực hiện
82.txt,Tiền sử bệnh,PAST_HISTORY,,1,4,16,1,1.0,tiền sử bệnh
82.txt,Các bệnh lý mạn tính,CHRONIC_DISEASES,PAST_HISTORY,2,21,41,2,1.0,các bệnh lý mạn tính
82.txt,Tiền sử phẫu thuật / thủ thuật,PAST_HISTORY,,1,173,203,5,1.0,tiền sử phẫu thuật / thủ thuật
82.txt,Bệnh sử hiện tại,CURRENT_HISTORY,,1,348,364,9,1.0,bệnh sử hiện tại
82.txt,Lý do nhập viện,ADMISSION_REASON,CURRENT_HISTORY,2,369,384,10,1.0,lý do nhập viện
82.txt,Cận lâm sàng,HOSPITAL_ASSESSMENT,,1,776,788,20,1.0,cận lâm sàng
83.txt,Bệnh sử hiện tại,CURRENT_HISTORY,,1,3,19,1,1.0,bệnh sử hiện tại
83.txt,Tình trạng lúc vào viện,IMMEDIATE_PRE_ADMISSION_STATUS,CURRENT_HISTORY,2,149,172,3,1.0,tình trạng lúc vào viện
83.txt,Cận lâm sàng,HOSPITAL_ASSESSMENT,,1,211,223,6,1.0,cận lâm sàng
83.txt,Chẩn đoán hình ảnh,IMAGING_RESULT_SECTION,HOSPITAL_ASSESSMENT,2,225,243,7,1.0,chẩn đoán hình ảnh
84.txt,Tiền sử bệnh nội khoa,PAST_HISTORY,,1,4,25,1,1.0,tiền sử bệnh nội khoa
84.txt,Các bệnh mãn tính,CHRONIC_DISEASES,PAST_HISTORY,2,30,47,2,1.0,các bệnh mãn tính
84.txt,Bệnh sử hiện tại,CURRENT_HISTORY,,1,173,189,9,1.0,bệnh sử hiện tại
84.txt,Lý do nhập viện,ADMISSION_REASON,CURRENT_HISTORY,2,194,209,10,1.0,lý do nhập viện
84.txt,Kết quả xét nghiệm,LAB_RESULT_SECTION,CURRENT_HISTORY,2,822,840,21,1.0,kết quả xét nghiệm
84.txt,Kết quả chẩn đoán hình ảnh,IMAGING_RESULT_SECTION,CURRENT_HISTORY,2,1035,1061,28,1.0,kết quả chẩn đoán hình ảnh
85.txt,Tiền sử bệnh nội khoa,PAST_HISTORY,,1,4,25,1,1.0,tiền sử bệnh nội khoa
85.txt,Các bệnh lý mãn tính,CHRONIC_DISEASES,PAST_HISTORY,2,30,50,2,1.0,các bệnh lý mãn tính
85.txt,Tiền sử phẫu thuật / thủ thuật,PAST_HISTORY,,1,402,432,10,1.0,tiền sử phẫu thuật / thủ thuật
85.txt,Bệnh sử  hiện tại,CURRENT_HISTORY,,1,566,583,15,1.0,bệnh sử hiện tại
85.txt,Đánh giá tại bệnh viện,HOSPITAL_ASSESSMENT,,1,589,611,17,1.0,đánh giá tại bệnh viện
86.txt,Tiền sử bệnh,PAST_HISTORY,,1,3,15,1,1.0,tiền sử bệnh
86.txt,Bệnh lý mãn tính,CHRONIC_DISEASES,PAST_HISTORY,2,16,32,2,1.0,bệnh lý mãn tính
86.txt,Bệnh sử hiện tại,CURRENT_HISTORY,,1,88,104,4,1.0,bệnh sử hiện tại
86.txt,Cận lâm sàng,HOSPITAL_ASSESSMENT,,1,391,403,12,1.0,cận lâm sàng
86.txt,Kết quả chẩn đoán hình ảnh,IMAGING_RESULT_SECTION,HOSPITAL_ASSESSMENT,2,405,431,13,1.0,kết quả chẩn đoán hình ảnh
86.txt,Các thủ thuật đã thực hiện,PROCEDURE_SECTION,HOSPITAL_ASSESSMENT,2,692,718,16,1.0,các thủ thuật đã thực hiện
87.txt,Tiền sử bệnh,PAST_HISTORY,,1,4,16,1,1.0,tiền sử bệnh
87.txt,Bệnh lý mãn tính,CHRONIC_DISEASES,PAST_HISTORY,2,85,101,3,1.0,bệnh lý mãn tính
87.txt,Bệnh sử hiện tại,CURRENT_HISTORY,,1,140,156,5,1.0,bệnh sử hiện tại
87.txt,Lý do nhập viện,ADMISSION_REASON,CURRENT_HISTORY,2,161,176,6,1.0,lý do nhập viện
88.txt,Tiền sử bệnh,PAST_HISTORY,,1,4,16,1,1.0,tiền sử bệnh
88.txt,Các bệnh lý mãn tính,CHRONIC_DISEASES,PAST_HISTORY,2,21,41,2,1.0,các bệnh lý mãn tính
88.txt,Tiền sử phẫu thuật / thủ thuật,PAST_HISTORY,,1,237,267,7,1.0,tiền sử phẫu thuật / thủ thuật
88.txt,Bệnh sử hiện tại,CURRENT_HISTORY,,1,415,431,13,1.0,bệnh sử hiện tại
88.txt,Lý do nhập viện,ADMISSION_REASON,CURRENT_HISTORY,2,436,451,14,1.0,lý do nhập viện
89.txt,Tiền sử bệnh,PAST_HISTORY,,1,4,16,1,1.0,tiền sử bệnh
89.txt,Bệnh sử hiện tại,CURRENT_HISTORY,,1,308,324,8,1.0,bệnh sử hiện tại
89.txt,Lý do nhập viện,ADMISSION_REASON,CURRENT_HISTORY,2,329,344,9,1.0,lý do nhập viện
89.txt,Tình trạng lúc vào viện,IMMEDIATE_PRE_ADMISSION_STATUS,CURRENT_HISTORY,2,1116,1139,11,1.0,tình trạng lúc vào viện
89.txt,Cận lâm sàng,HOSPITAL_ASSESSMENT,,1,1310,1322,16,1.0,cận lâm sàng
89.txt,Thủ thuật đã thực hiện,PROCEDURE_SECTION,HOSPITAL_ASSESSMENT,2,1383,1405,18,1.0,thủ thuật đã thực hiện
90.txt,Bệnh sử hiện tại,CURRENT_HISTORY,,1,3,19,1,1.0,bệnh sử hiện tại
90.txt,Triệu chứng hiện tại,CURRENT_SYMPTOMS,CURRENT_HISTORY,2,77,97,3,1.0,triệu chứng hiện tại
90.txt,Đánh giá tại bệnh viện,HOSPITAL_ASSESSMENT,,1,151,173,7,1.0,đánh giá tại bệnh viện
90.txt,Các thủ thuật đã thực hiện,PROCEDURE_SECTION,HOSPITAL_ASSESSMENT,2,174,200,8,1.0,các thủ thuật đã thực hiện
91.txt,Tiền sử bệnh,PAST_HISTORY,,1,4,16,1,1.0,tiền sử bệnh
91.txt,Các bệnh lý mãn tính,CHRONIC_DISEASES,PAST_HISTORY,2,21,41,2,1.0,các bệnh lý mãn tính
91.txt,Tiền sử phẫu thuật / thủ thuật,PAST_HISTORY,,1,274,304,6,1.0,tiền sử phẫu thuật / thủ thuật
91.txt,Thuốc trước khi nhập viện,MEDICATION_HISTORY,PAST_HISTORY,2,374,399,9,1.0,thuốc trước khi nhập viện
91.txt,Bệnh sử hiện tại,CURRENT_HISTORY,,1,428,444,11,1.0,bệnh sử hiện tại
91.txt,Khám tại bệnh viện,HOSPITAL_ASSESSMENT,,1,900,918,22,1.0,khám tại bệnh viện
91.txt,Kết quả xét nghiệm,LAB_RESULT_SECTION,HOSPITAL_ASSESSMENT,2,1055,1073,29,1.0,kết quả xét nghiệm
92.txt,Tiền sử bệnh nội khoa,PAST_HISTORY,,1,4,25,1,1.0,tiền sử bệnh nội khoa
92.txt,Bệnh sử  hiện tại,CURRENT_HISTORY,,1,90,107,4,1.0,bệnh sử hiện tại
92.txt,Lý do nhập viện,ADMISSION_REASON,CURRENT_HISTORY,2,112,127,5,1.0,lý do nhập viện
92.txt,Đánh giá tại bệnh viện,HOSPITAL_ASSESSMENT,,1,425,447,9,1.0,đánh giá tại bệnh viện
92.txt,Kết quả xét nghiệm,LAB_RESULT_SECTION,HOSPITAL_ASSESSMENT,2,452,470,10,1.0,kết quả xét nghiệm
92.txt,Kết quả chẩn đoán hình ảnh,IMAGING_RESULT_SECTION,HOSPITAL_ASSESSMENT,2,490,516,11,1.0,kết quả chẩn đoán hình ảnh
93.txt,Tiền sử bệnh nội khoa,PAST_HISTORY,,1,3,24,1,1.0,tiền sử bệnh nội khoa
93.txt,Bệnh sử hiện tại,CURRENT_HISTORY,,1,82,98,4,1.0,bệnh sử hiện tại
93.txt,Khám tại bệnh viện,HOSPITAL_ASSESSMENT,,1,127,145,6,1.0,khám tại bệnh viện
93.txt,Kết quả chẩn đoán hình ảnh,IMAGING_RESULT_SECTION,HOSPITAL_ASSESSMENT,2,199,225,8,1.0,kết quả chẩn đoán hình ảnh
93.txt,Các thủ thuật đã thực hiện,PROCEDURE_SECTION,HOSPITAL_ASSESSMENT,2,275,301,9,1.0,các thủ thuật đã thực hiện
94.txt,Tiền sử bệnh nội khoa,PAST_HISTORY,,1,4,25,1,1.0,tiền sử bệnh nội khoa
94.txt,Các bệnh mãn tính,CHRONIC_DISEASES,PAST_HISTORY,2,30,47,2,1.0,các bệnh mãn tính
94.txt,Bệnh sử hiện tại,CURRENT_HISTORY,,1,143,159,6,1.0,bệnh sử hiện tại
94.txt,Lý do nhập viện,ADMISSION_REASON,CURRENT_HISTORY,2,164,179,7,1.0,lý do nhập viện
94.txt,Đánh giá tại bệnh viện,HOSPITAL_ASSESSMENT,,1,864,886,24,1.0,đánh giá tại bệnh viện
95.txt,Tiền sử bệnh,PAST_HISTORY,,1,4,16,1,1.0,tiền sử bệnh
95.txt,Bệnh sử  hin tại,CURRENT_HISTORY,,1,82,98,4,1.0,bệnh sử hiện tại
95.txt,Lý do nhập viện,ADMISSION_REASON,CURRENT_HISTORY,2,103,118,5,1.0,lý do nhập viện
95.txt,Tình trạng lúc vào viện,IMMEDIATE_PRE_ADMISSION_STATUS,CURRENT_HISTORY,2,283,306,7,1.0,tình trạng lúc vào viện
95.txt,Đánh giá tại bệnh viện,HOSPITAL_ASSESSMENT,,1,651,673,19,1.0,đánh giá tại bệnh viện
96.txt,Tiền sử bệnh,PAST_HISTORY,,1,3,15,1,1.0,tiền sử bệnh
96.txt,Thuốc đã dùng trước đây,MEDICATION_HISTORY,PAST_HISTORY,2,200,223,4,1.0,thuốc đã dùng trước đây
96.txt,Bệnh sử hiện tại,CURRENT_HISTORY,,1,373,389,7,1.0,bệnh sử hiện tại
96.txt,Lý do nhập viện,ADMISSION_REASON,CURRENT_HISTORY,2,390,405,8,1.0,lý do nhập viện
96.txt,Cận lâm sàng,HOSPITAL_ASSESSMENT,,1,1094,1106,22,1.0,cận lâm sàng
96.txt,chẩn đoán hình ảnh,IMAGING_RESULT_SECTION,HOSPITAL_ASSESSMENT,2,1270,1288,27,1.0,chẩn đoán hình ảnh
97.txt,Tiền sử bệnh nội khoa,PAST_HISTORY,,1,4,25,1,1.0,tiền sử bệnh nội khoa
97.txt,Các bệnh lý mãn tính,CHRONIC_DISEASES,PAST_HISTORY,2,30,50,2,1.0,các bệnh lý mãn tính
97.txt,Bệnh sử hiện tại,CURRENT_HISTORY,,1,128,144,4,1.0,bệnh sử hiện tại
97.txt,Lý do nhập viện,ADMISSION_REASON,CURRENT_HISTORY,2,149,164,5,1.0,lý do nhập viện
97.txt,Thời điểm khởi phát triệu chứng,ADMISSION_REASON,CURRENT_HISTORY,2,224,255,6,1.0,thời điểm khởi phát triệu chứng
97.txt,Các triệu chứng hiện tại,CURRENT_SYMPTOMS,CURRENT_HISTORY,2,453,477,8,1.0,các triệu chứng hiện tại
97.txt,Khám tại bệnh viện,HOSPITAL_ASSESSMENT,,1,599,617,15,1.0,khám tại bệnh viện
97.txt,Dấu hiệu lâm sàng,CURRENT_SYMPTOMS,HOSPITAL_ASSESSMENT,2,622,639,16,1.0,dấu hiệu lâm sàng
97.txt,Kết quả xét nghiệm,LAB_RESULT_SECTION,HOSPITAL_ASSESSMENT,2,705,723,20,1.0,kết quả xét nghiệm
97.txt,Kết quả chẩn đoán hình ảnh,IMAGING_RESULT_SECTION,HOSPITAL_ASSESSMENT,2,894,920,26,1.0,kết quả chẩn đoán hình ảnh
97.txt,chẩn đoán hình ảnh,IMAGING_RESULT_SECTION,HOSPITAL_ASSESSMENT,2,927,945,27,1.0,chẩn đoán hình ảnh
97.txt,Các thủ thuật đã thực hiện,PROCEDURE_SECTION,HOSPITAL_ASSESSMENT,2,1055,1081,28,1.0,các thủ thuật đã thực hiện
98.txt,Tiền sử bệnh nội khoa,PAST_HISTORY,,1,4,25,1,1.0,tiền sử bệnh nội khoa
98.txt,Bệnh mãn tính,CHRONIC_DISEASES,PAST_HISTORY,2,30,43,2,1.0,bệnh mãn tính
98.txt,Bệnh sử,CURRENT_HISTORY,,1,71,78,3,1.0,bệnh sử
98.txt,Lý do nhập viện,ADMISSION_REASON,CURRENT_HISTORY,2,79,94,4,1.0,lý do nhập viện
98.txt,Triệu chứng hiện tại,CURRENT_SYMPTOMS,CURRENT_HISTORY,2,138,158,5,1.0,triệu chứng hiện tại
98.txt,Cận lâm sàng,HOSPITAL_ASSESSMENT,,1,187,199,8,1.0,cận lâm sàng
98.txt,Xét nghiệm,LAB_RESULT_SECTION,HOSPITAL_ASSESSMENT,2,312,322,10,1.0,xét nghiệm
98.txt,Đánh giá tại bệnh viện,HOSPITAL_ASSESSMENT,,1,379,401,11,1.0,đánh giá tại bệnh viện
98.txt,Kết quả chẩn đoán hình ảnh,IMAGING_RESULT_SECTION,HOSPITAL_ASSESSMENT,2,406,432,12,1.0,kết quả chẩn đoán hình ảnh
99.txt,Tiền sử bệnh,PAST_HISTORY,,1,4,16,1,1.0,tiền sử bệnh
99.txt,Bệnh lý mãn tính,CHRONIC_DISEASES,PAST_HISTORY,2,21,37,2,1.0,bệnh lý mãn tính
99.txt,Tiền sử phẫu thuật / thủ thuật,PAST_HISTORY,,1,88,118,3,1.0,tiền sử phẫu thuật / thủ thuật
99.txt,Bệnh sử,CURRENT_HISTORY,,1,177,184,5,1.0,bệnh sử
99.txt,Lý do nhập viện,ADMISSION_REASON,CURRENT_HISTORY,2,189,204,6,1.0,lý do nhập viện
99.txt,Triệu chứng hiện tại,CURRENT_SYMPTOMS,CURRENT_HISTORY,2,245,265,7,1.0,triệu chứng hiện tại
99.txt,Đánh giá tại bệnh viện,HOSPITAL_ASSESSMENT,,1,319,341,12,1.0,đánh giá tại bệnh viện
100.txt,Tiền sử bệnh,PAST_HISTORY,,1,4,16,1,1.0,tiền sử bệnh
100.txt,Các bệnh lý mãn tính,CHRONIC_DISEASES,PAST_HISTORY,2,96,116,3,1.0,các bệnh lý mãn tính
100.txt,Bệnh sử,CURRENT_HISTORY,,1,234,241,9,1.0,bệnh sử
100.txt,Lý do nhập viện,ADMISSION_REASON,CURRENT_HISTORY,2,246,261,10,1.0,lý do nhập viện
100.txt,Triệu chứng hiện tại,CURRENT_SYMPTOMS,CURRENT_HISTORY,2,294,314,11,1.0,triệu chứng hiện tại
100.txt,Đánh giá tại bệnh viện,HOSPITAL_ASSESSMENT,,1,1124,1146,23,1.0,đánh giá tại bệnh viện
100.txt,Kết quả chẩn đoán hình ảnh,IMAGING_RESULT_SECTION,HOSPITAL_ASSESSMENT,2,1280,1306,28,1.0,kết quả chẩn đoán hình ảnh
